ID,Format,Topic,Difficulty,Question,Answer,Used,Freshness,ID Search,Answer Search,,,,,,,,,,,,,,,,,,,,,,
Q1001,Multi,Biology/Zoology,3,"Which of these birds has the longest wingspan- Pelican, Heron, or Stork?",Pelican,Not Found,Fresh,Not Found,Not Found,,,,,,,,,9/14/2026 10:49:26,,,,,,,,,,,,,
Q1002,Open,Biology/Zoology,1,What fruit was created when a pomelo was crossed with a mandarin?,Orange,May 5 26,18,Not Found,May 5 26,,,,,,,,,,,,,,,,,,,,,,
Q1003,Open,Biology/Zoology,5,Which bird species completes the longest annual migration by distance?,Arctic Tern,Not Found,Fresh,Not Found,Not Found,,,,,,,,,,,,,,,,,,,,,,
Q1004,Open,Biology/Zoology,1,What is the largest marsupial?,Kangaroo/Red Kangaroo,Not Found,Fresh,Not Found,Not Found,,,,,,,,,,,,,,,,,,,,,,
Q1005,Multi,Biology/Zoology,2,"Is a Red Panda more closely related to the Great Panda, Red Fox, or Common Raccoon?",Common Raccoon,Not Found,Fresh,Not Found,Not Found,,,,,,,,,,,,,,,,,,,,,,
Q1006,Open,Biology/Zoology,4,Which mammal has the densest Fur?,Otter/Sea Otter,March 24 26,24,Not Found,March 24 26,,,,,,,,,,,,,,,,,,,,,,
Q1007,Open,Biology/Zoology,3,What is the only mammal capable of true sustained flight?,Bat,March 24 26,24,Not Found,March 24 26,,,,,,,,,,,,,,,,,,,,,,
Q1008,Open,Biology/Zoology,3,A group of crows is commonly known as a “murder.” What is a group of owls called?,Parliment,March 24 26,24,Not Found,March 24 26,,,,,,,,,,,,,,,,,,,,,,
Q1009,Open,Biology/Zoology,4,Which marsupial is known for having fingerprints nearly indistinguishable from those of humans?,Koala,March 24 26,24,Not Found,March 24 26,,,,,,,,,,,,,,,,,,,,,,
Q1010,Open,Biology/Zoology,1,Which animal uses echolocation and has been trained by navies to detect mines and divers?,Dolphin,Not Found,Fresh,Not Found,Not Found,,,,,,,,,,,,,,,,,,,,,,
Q1011,Open,Biology/Zoology,3,Which flightless bird is native to New Zealand and lays one of the largest eggs relative to its body size?,Kiwi,Not Found,Fresh,Not Found,Not Found,,,,,,,,,,,,,,,,,,,,,,
Q1012,Open,Biology/Zoology,4,Which crustacean can deliver a punch so fast that it creates cavitation bubbles hotter than the surface of the Sun?,Mantis Shrimp,Not Found,Fresh,Not Found,Not Found,,,,,,,,,,,,,,,,,,,,,,
Q1013,Open,Biology/Zoology,3,What is the term for an organism that can survive without oxygen?,Anerobic,Not Found,Fresh,Not Found,Not Found,,,,,,,,,,,,,,,,,,,,,,
Q1014,Open,Biology/Zoology,4,"What is the zoological term for animals active during twilight, such as many bats, cats, and insects?",Crepuscular,March 24 26,24,Not Found,March 24 26,,,,,,,,,,,,,,,,,,,,,,
Q1015,Open,Biology/Zoology,2,What vitamin deficiency causes scurvy?,Vitamin C,May 5 26,18,Not Found,May 5 26,,,,,,,,,,,,,,,,,,,,,,
Q1016,Open,Biology/Zoology,2,What blood type is considered the universal donor?,O– (Oh Negative),Not Found,Fresh,Not Found,Not Found,,,,,,,,,,,,,,,,,,,,,,
Q1017,Open,Fashion,5,"Named for a famous british novel, this Conde Nast magazine is their 2nd most popular fashion-centric publication",Vanity Fair,Feb 3 26,31,Not Found,Feb 3 26,,,,,,,,,,,,,,,,,,,,,,
Q1018,Open,Fashion,5,"During the French Revolution, men and women wore different colored WHAT in order to signify their affiliations",Scarf,May 12 26,17,Not Found,May 12 26,,,,,,,,,,,,,,,,,,,,,,
Q1019,Open,Fashion,4,What 1992 film featureing Goldie Hawn and Meryl Streep competing for the affection of a mortician has now been made into a hit Broadway musical?,Death Becomes Her,Not Found,Fresh,Not Found,Not Found,,,,,,,,,,,,,,,,,,,,,,
Q1020,Open,Fashion,3,This imitation gemstone was originally named for a crystal found in the Alps and Germany,Rhinestone,March 17 26,25,Not Found,March 17 26,,,,,,,,,,,,,,,,,,,,,,
Q1021,Open,Fashion,2,Who recently announced the end of their 37 year run as Vogue's editor in chief?,Anna Wintour,Not Found,Fresh,Not Found,Not Found,,,,,,,,,,,,,,,,,,,,,,
Q1022,Multi,Fashion,3,"Founded after WWII, which French Fashion house pioneered the ""New Look"" with their A-Line and H-Line dresses: Chanel, Dior, or Yves Saint Laurent?",Dior,Not Found,Fresh,Not Found,Not Found,,,,,,,,,,,,,,,,,,,,,,
Q1023,Open,Fashion,3,"What is the French word referring to an artists workshop and now is used to describe fashion houses, design firms, and art schools?",Atelier,Not Found,Fresh,Not Found,Not Found,,,,,,,,,,,,,,,,,,,,,,
Q1024,T/F,Fashion,3,Is Genuine Leather higher or lower grade than Full Grain?,Lower ,March 17 26,25,Not Found,March 17 26,,,,,,,,,,,,,,,,,,,,,,
Q1025,Open,Fashion,2,This famous street connects Broadway and Water Street in NYC,Wall Street,Not Found,Fresh,Not Found,Not Found,,,,,,,,,,,,,,,,,,,,,,
Q1026,Open,Fashion,2,Which designer is credited with popularizing the Polo in the US?,Ralph Lauren,Not Found,Fresh,Not Found,Not Found,,,,,,,,,,,,,,,,,,,,,,
Q1027,Open,Fashion,1,This blue dye gives demin is unique color,Indigo,March 3 26,27,Not Found,March 3 26,,,,,,,,,,,,,,,,,,,,,,
Q1028,Open,Fashion,1,"Which European capital is known as ""The City of Lights""",Paris,Not Found,Fresh,Not Found,Not Found,,,,,,,,,,,,,,,,,,,,,,
Q1029,Open,Fashion,2,What natural fiber is produced from the flax plant?,Linen,Not Found,Fresh,Not Found,Not Found,,,,,,,,,,,,,,,,,,,,,,
Q1030,Open,Food/Drink,3,"Which cookie was made first: Nilla Wafer, Oreo, Chocolate Chip",Nilla Wafer,Not Found,Fresh,Not Found,Not Found,,,,,,,,,,,,,,,,,,,,,,
Q1031,Open,Food/Drink,3,What common pirate item would Sailors use to test (or proof) their rum?,Gunpowder,Not Found,Fresh,Not Found,Not Found,,,,,,,,,,,,,,,,,,,,,,
Q1032,Open,Food/Drink,3,Which Sweet Roll was invented in Portugal despite having a more american sounding name?,Hawaiian Roll,Not Found,Fresh,Not Found,Not Found,,,,,,,,,,,,,,,,,,,,,,
Q1033,Open,Food/Drink,3,What coffee drink is named for a port city in Yemen?,Mocha,June 2 26,14,Not Found,June 2 26,,,,,,,,,,,,,,,,,,,,,,
Q1034,Open,Food/Drink,3,Oak trees in Portugal are the world's primary source of what essential part of winemaking?,(the) Cork,Not Found,Fresh,Not Found,Not Found,,,,,,,,,,,,,,,,,,,,,,
Q1035,T/F,Food/Drink,3,"According to the National Coffee Association, do more or less than 60% of adults drink coffee daily?",More (66%),Not Found,Fresh,Not Found,Not Found,,,,,,,,,,,,,,,,,,,,,,
Q1036,Multi,Food/Drink,2,"Which geographic food item was actually invented where it is named for: California Roll, Lobster Bisque, Cuban Sandwich, or London Fog?",Lobster Bisque (Bay of Biscay),Not Found,Fresh,Not Found,Not Found,,,,,,,,,,,,,,,,,,,,,,
Q1037,Open,Food/Drink,2,Frangipane and Marzipan are french pastiserie specialties both made from what nutty ingredient?,Almond,Not Found,Fresh,Not Found,Not Found,,,,,,,,,,,,,,,,,,,,,,
Q1038,Open,Food/Drink,1,Roquefort Cheese is made from what animal's milk?,Sheep,Not Found,Fresh,Not Found,Not Found,,,,,,,,,,,,,,,,,,,,,,
Q1039,Open,Food/Drink,4,The 1516 Bavarian Reinheitsgebot regulated the ingredients of which beverage?,Beer,Not Found,Fresh,Not Found,Not Found,,,,,,,,,,,,,,,,,,,,,,
Q1040,Open,Food/Drink,2,Which plant is the base for traditional mezcal and tequila production?,Agave,Not Found,Fresh,Not Found,Not Found,,,,,,,,,,,,,,,,,,,,,,
Q1041,Open,Geography,4,Which tiny European country is landlocked between Spain and France and was believed to have been founded by Charlemagne?,Andorra,Not Found,Fresh,Not Found,Not Found,,,,,,,,,,,,,,,,,,,,,,
Q1042,Open,Geography,4,What river flows through Berlin?,Spree,Not Found,Fresh,Not Found,Not Found,,,,,,,,,,,,,,,,,,,,,,
Q1043,Open,Geography,4,"The highest point in the contiguous US, Mt. Whitney, is in which state?",California,March 3 26,27,Not Found,March 3 26,,,,,,,,,,,,,,,,,,,,,,
Q1044,Open,Geography,3,What is the densest major city in North America [by population within its urban area]?,Toronto,Not Found,Fresh,Not Found,Not Found,,,,,,,,,,,,,,,,,,,,,,
Q1045,Open,Geography,2,What is the largest lake of the Great Lakes?,Superior,Not Found,Fresh,Not Found,Not Found,,,,,,,,,,,,,,,,,,,,,,
Q1046,Open,Geography,1,"Four Corners Monument marks the boundary, or Quadripoint, of which four US states?","Colorado, New Mexico, Utah, Arizona",Not Found,Fresh,Not Found,Not Found,,,,,,,,,,,,,,,,,,,,,,
Q1047,Multi,Geography,3,"Which City is closest to the Equator: Rio De Janiero, Singapore, or Kuala Lumpur?",Singapore,Not Found,Fresh,Not Found,Not Found,,,,,,,,,,,,,,,,,,,,,,
Q1048,Open,Geography,3,Which state has the most miles of the Appalachian Trail?,Virginia,Not Found,Fresh,Not Found,Not Found,,,,,,,,,,,,,,,,,,,,,,
Q1049,Multi,Geography,4,"Which trail is longest: Appalachian Trail, Pacific Crest Trail, or Continental Divide Trail?",Continental Divide Trail,Feb 3 26,31,Not Found,Feb 3 26,,,,,,,,,,,,,,,,,,,,,,
Q1050,Open,Geography,3,Which strait separates Asia from North America between Russia and Alaska?,Bering Strait,July 7 26,9,Not Found,July 7 26,,,,,,,,,,,,,,,,,,,,,,
Q1051,Open,Geography,2,What massive African lake is considered a principal source of the White Nile?,Lake Victoria,Not Found,Fresh,Not Found,Not Found,,,,,,,,,,,,,,,,,,,,,,
Q1052,Open,Geography,2,"What term describes a long, narrow coastal inlet with steep sides carved by glacial activity?",Fjord,Feb 3 26,31,Not Found,Feb 3 26,,,,,,,,,,,,,,,,,,,,,,
Q1053,T/F,Geography,3,Is the tallest mountain in the Americas located in North or South America?,South,Not Found,Fresh,Not Found,Not Found,,,,,,,,,,,,,,,,,,,,,,
Q1054,Open,Geography,2,What desert covers much of Mongolia and northern China?,Gobi,June 2 26,14,Not Found,June 2 26,,,,,,,,,,,,,,,,,,,,,,
Q1055,Open,Geography,4,What strait separates Europe from Asia between Turkiye's continental sides?,Bosphorus,Not Found,Fresh,Not Found,Not Found,,,,,,,,,,,,,,,,,,,,,,
Q1056,Open,Geography,1,What is the largest island in the Mediterranean Sea?,Sicily,Jan 21 26,33,Not Found,Jan 21 26,,,,,,,,,,,,,,,,,,,,,,
Q1057,Open,Geography,2,What mountain range forms the border between Europe and Asia in Russia?,Ural Mountains,Not Found,Fresh,Not Found,Not Found,,,,,,,,,,,,,,,,,,,,,,
Q1058,Open,Geology,4,What is the name for the type of rock formed from cooled magma or lava?,Igneous Rock,July 7 26,9,Not Found,July 7 26,,,,,,,,,,,,,,,,,,,,,,
Q1059,Open,Geology,4,"What is the middle layer of the Earth, beneath the crust and above the core?",Mantle,Feb 3 26,31,Not Found,Feb 3 26,,,,,,,,,,,,,,,,,,,,,,
Q1060,Open,Geology,4,Which geologic period is associated with an evolutionary burst known as the “explosion” that produced many animal species?,Cambrian Explosion,Not Found,Fresh,Not Found,Not Found,,,,,,,,,,,,,,,,,,,,,,
Q1061,Open,Geology,4,What aluminum ore (technically a rock) is the primary source of that metal?,Bauxite,Not Found,Fresh,Not Found,Not Found,,,,,,,,,,,,,,,,,,,,,,
Q1062,Open,Geology,3,"True or False, P waves are the First to arrive to a seismograph.",True,March 24 26,24,Not Found,March 24 26,,,,,,,,,,,,,,,,,,,,,,
Q1063,Open,Geology,2,What is the name of the world’s deepest oceanic trench?,Marianas Trench,Not Found,Fresh,Not Found,Not Found,,,,,,,,,,,,,,,,,,,,,,
Q1064,Open,High Art,4,Which classic Herman Melville novel was the inspiration for the name of the coffee chain Starbucks?,Moby Dick,Not Found,Fresh,Not Found,Not Found,,,,,,,,,,,,,,,,,,,,,,
Q1065,Open,High Art,2,"Ralph Ellison's ""Invisible Man"" takes place in what part of Manhattan that's named for the capital of North Holland?",Harlem,Not Found,Fresh,Not Found,Not Found,,,,,,,,,,,,,,,,,,,,,,
Q1066,Open,High Art,2,William Shakespeare's wife shares her name with what Academy Award winning actress?,Anne Hathaway,Not Found,Fresh,Not Found,Not Found,,,,,,,,,,,,,,,,,,,,,,
Q1067,Open,High Art,3,"Where does the winding road trip in George Steinbeck's masterpiece novel ""The Grapes of Wrath"" end?",California,March 3 26,27,Not Found,March 3 26,,,,,,,,,,,,,,,,,,,,,,
Q1068,Open,States,3,"To Kill a Mockingbird, Harper Lee's novel, was set in which state?",Alabama,Not Found,Fresh,Not Found,Not Found,,,,,,,,,,,,,,,,,,,,,,
Q1069,Open,High Art,2,What 1985 dystopian novel by Margaret Atwood imagines a theocratic state called Gilead?,The Handmaid's Tale,Not Found,Fresh,Not Found,Not Found,,,,,,,,,,,,,,,,,,,,,,
Q1070,Open,High Art,2,"What is the term for a painting that depicts inanimate objects like fruit, flowers, or everyday items?",Still-Life,Not Found,Fresh,Not Found,Not Found,,,,,,,,,,,,,,,,,,,,,,
Q1071,Open,High Art,4,"What pigment, historically made from ground lapis lazuli, was once more valuable than gold?",Ultramarine,Not Found,Fresh,Not Found,Not Found,,,,,,,,,,,,,,,,,,,,,,
Q1072,Open,High Art,1,"What is the process of creating images using small pieces of glass, stone, or tile called?",Mosaic,Not Found,Fresh,Not Found,Not Found,,,,,,,,,,,,,,,,,,,,,,
Q1073,Open,High Art,5,"Before the invention of Oil Paints, painters would use often pigment suspended in what breakfasty item?",Egg / Egg Yolk,Not Found,Fresh,Not Found,Not Found,,,,,,,,,,,,,,,,,,,,,,
Q1074,Open,High Art,2,Which American pop artist created silkscreen images of Campbell’s soup cans?,Andy Warhol,June 2 26,14,Not Found,June 2 26,,,,,,,,,,,,,,,,,,,,,,
Q1075,Open,High Art,1,"What is the term for a fourteen-line poem with a strict rhyme scheme, often used by Shakespeare?",Sonnet,Not Found,Fresh,Not Found,Not Found,,,,,,,,,,,,,,,,,,,,,,
Q1076,Open,High Art,1,"What is the term for a long narrative poem celebrating heroic deeds, like The Iliad?",Epic,March 17 26,25,Not Found,March 17 26,,,,,,,,,,,,,,,,,,,,,,
Q1077,Open,High Art,3,What is the term for the group of performers who comment on the action in Greek tragedy?,The Chorus,Not Found,Fresh,Not Found,Not Found,,,,,,,,,,,,,,,,,,,,,,
Q1078,Open,High Art,1,"What is the term for a structure’s outward appearance or “face,” often its front?",Facade,Not Found,Fresh,Aug 4 26,Not Found,,,,,,,,,,,,,,,,,,,,,,
Q1079,Open,High Art,2,Which German design school founded in 1919 combined crafts and fine arts while emphasizing modern and functional design?,Bauhaus,Not Found,Fresh,Not Found,Not Found,,,,,,,,,,,,,,,,,,,,,,
Q1080,Open,High Art,3,"Which architect created “organic architecture,” including Fallingwater in Pennsylvania?",Frank Lloyd Wright,March 17 26,25,Not Found,March 17 26,,,,,,,,,,,,,,,,,,,,,,
Q1081,Open,High Art,3,What is the term for an ornamental tower often associated with Islamic architecture?,Minaret,Jan 21 26,33,Not Found,Jan 21 26,,,,,,,,,,,,,,,,,,,,,,
Q1082,Open,Linguistics,4,The word Tattoo comes to English from what Polynesian language?,Samoan,Not Found,Fresh,Not Found,Not Found,,,,,,,,,,,,,,,,,,,,,,
Q1083,Open,Linguistics,1,"Which is not a ""Romance"" language: Portuguese, Romanian, or English?",English,June 2 26,14,Not Found,June 2 26,,,,,,,,,,,,,,,,,,,,,,
Q1084,Open,Linguistics,2,Which alphabet is used to write the Russian language?,Cyrillic,Not Found,Fresh,Not Found,Not Found,,,,,,,,,,,,,,,,,,,,,,
Q1085,Open,Linguistics,3,"What is the linguistic term for combining two words into one, like brunch or smog?",Portmanteau,Not Found,Fresh,Not Found,Not Found,,,,,,,,,,,,,,,,,,,,,,
Q1086,Open,Linguistics,2,Which African language gave us English words like zebra and safari?,Swahili,Not Found,Fresh,Aug 4 26,Not Found,,,,,,,,,,,,,,,,,,,,,,
Q1087,Open,Linguistics,5,"In English grammar, what is the past participle of swim?","Swum, NOT SWAM",March 3 26,27,Not Found,March 3 26,,,,,,,,,,,,,,,,,,,,,,
Q1088,Open,Linguistics,2,What is the term for a word that is spelled the same forward and backward?,Pallindrome,May 5 26,18,Not Found,May 5 26,,,,,,,,,,,,,,,,,,,,,,
Q1089,Open,Linguistics,4,"What is the term for a figure of speech in which contradictory terms appear together, like “bittersweet”?",Oxymoron,Not Found,Fresh,Not Found,Not Found,,,,,,,,,,,,,,,,,,,,,,
Q1090,Open,Low Art,4,"What famous characters from 1977's Star Wars were directly stolen/lifted from the iconic Kurosawa Film, ""The Hidden Fortress""?",C3PO and R2D2 (The Droids),Not Found,Fresh,Not Found,Not Found,,,,,,,,,,,,,,,,,,,,,,
Q1091,Open,Low Art,3,"How many books are in ""The Chronicles of Narnia"" series?",7,Jan 21 26,33,Not Found,Jan 21 26,,,,,,,,,,,,,,,,,,,,,,
Q1092,Open,Low Art,4,Which 1999 sci-fi film popularized the “bullet time” visual effect?,The Matrix,Not Found,Fresh,Not Found,Not Found,,,,,,,,,,,,,,,,,,,,,,
Q1093,Open,Low Art,2,"Which 2019 Korean film won Best Picture at the Academy Awards, the first non-English film to do so?",Parasite,Not Found,Fresh,Not Found,Not Found,,,,,,,,,,,,,,,,,,,,,,
Q1094,Open,Low Art,3,Who created the detective Sherlock Holmes?,Sir Arthur Conan Doyle,June 2 26,14,Not Found,June 2 26,,,,,,,,,,,,,,,,,,,,,,
Q1095,Open,Low Art,5,What is the term for the secondary character in a story?,Deuteragonist,Not Found,Fresh,Not Found,Not Found,,,,,,,,,,,,,,,,,,,,,,
Q1096,Open,Low Art,4,Which actor is famous for the “Man with No Name” roles in Sergio Leone’s spaghetti westerns?,Clint Eastwood,July 7 26,9,Not Found,July 7 26,,,,,,,,,,,,,,,,,,,,,,
Q1097,Open,Low Art,3,What was the first feature-length cel-animated film to be illustrated in the United States?,Snow White and the Seven Dwarves,Not Found,Fresh,Not Found,Not Found,,,,,,,,,,,,,,,,,,,,,,
Q1098,Open,Low Art,3,Which 2024 film had a higher worldwide gross: Barbie or Oppenheimer?,Barbie,Not Found,Fresh,Not Found,Not Found,,,,,,,,,,,,,,,,,,,,,,
Q1099,Open,Music,2,"How many units must a music album sell to be receive a ""Gold"" designation from the RIAA?","500,000",Not Found,Fresh,Not Found,Not Found,,,,,,,,,,,,,,,,,,,,,,
Q1100,Open,Music,1,What iconic location is both the title of an ABBA song and a train hub in London?,Waterloo,July 14 26,8,Not Found,July 14 26,,,,,,,,,,,,,,,,,,,,,,
Q1101,Open,Music,3,What is the musical term for a gradual increase in loudness?,Crescendo,Not Found,Fresh,Not Found,Not Found,,,,,,,,,,,,,,,,,,,,,,
Q1102,Open,Music,5,What differentiates a Piano and a Harpsichord?,Plucking vs. Hammering strings,July 14 26,8,Not Found,July 14 26,,,,,,,,,,,,,,,,,,,,,,
Q1103,Open,Music,1,What is the word for the style of singing without instrumental accompaniment?,Acapella,July 14 26,8,Not Found,July 14 26,,,,,,,,,,,,,,,,,,,,,,
Q1104,Open,Music,3,"What is the word for a rhythmic emphasis on normally weak beats, common in jazz and hip hop?",Syncopation,Not Found,Fresh,Not Found,Not Found,,,,,,,,,,,,,,,,,,,,,,
Q1105,Open,Music,4,What is the musical term for simultaneous use of two or more conflicting rhythms?,Polyrythmic,July 14 26,8,Not Found,July 14 26,,,,,,,,,,,,,,,,,,,,,,
Q1106,Open,Music,3,What word describes a musician who plays anonymously for hire while recording?,Session,July 14 26,8,Not Found,July 14 26,,,,,,,,,,,,,,,,,,,,,,
Q1107,Open,Music,1,"According to Blues Traveler, what is the slang term for the main repeated part of a song that is designed to be catchy?",Hook (it brings you back),July 14 26,8,Not Found,July 14 26,,,,,,,,,,,,,,,,,,,,,,
Q1108,Open,Music,3,What is the word for a single song released outside of an album cycle?,"Loosie, Standalone, or Orphan (Single)",Not Found,Fresh,Not Found,Not Found,,,,,,,,,,,,,,,,,,,,,,
Q1109,Open,Religion/Myth,2,"In Greek mythology, who is the god of the sea?",Poseidon,Not Found,Fresh,Not Found,Not Found,,,,,,,,,,,,,,,,,,,,,,
Q1110,Open,Religion/Myth,2,"In Roman mythology, who is the god of the sea?",Neptune,Not Found,Fresh,Not Found,Not Found,,,,,,,,,,,,,,,,,,,,,,
Q1111,Open,Religion/Myth,2,"In Greek myth, who was doomed to roll a boulder up a hill for eternity?",Sisyphus,Not Found,Fresh,Not Found,Not Found,,,,,,,,,,,,,,,,,,,,,,
Q1112,Open,Religion/Myth,2,"In Greek myth, who was condemned to hold the earth upon his shoulders for eternity?",Atlas,Not Found,Fresh,Not Found,Not Found,,,,,,,,,,,,,,,,,,,,,,
Q1113,Open,Religion/Myth,4,"In Slavic folklore, who is the witch who lives in a hut standing on chicken legs?",Baba Yaga,Not Found,Fresh,Not Found,Not Found,,,,,,,,,,,,,,,,,,,,,,
Q1114,Open,Poorly Described Movie,3,"What 2004 movie can be poorly described as ""A groom meets his in-laws, gets a makeover, and adopts a stray cat""?",Shrek 2 ,Not Found,Fresh,Not Found,Not Found,,,,,,,,,,,,,,,,,,,,,,
Q1115,Open,Poorly Described Movie,3,"What 2000 movie can be poorly described as ""A wicked ruler of an ancient kingdom is betrayed by his closest advisor, only to be saved by a lowly shepard. "" ",The Emperor's New Groove,Not Found,Fresh,Not Found,Not Found,,,,,,,,,,,,,,,,,,,,,,
Q1116,Open,Poorly Described Movie,4,"What 2010 film can be poorly described as, ""A man attempts to gaslight his wife, boss, and a billionaire's son in the hopes of getting a green card""",Inception,Not Found,Fresh,Not Found,Not Found,,,,,,,,,,,,,,,,,,,,,,
Q1117,Open,Poorly Described Movie,2,"What 2004 film can be poorly described as, ""A fanatical cultist commits several acts of terrorism in order to find Benjamin Franklin's eyeglasses""",National Treasure,Not Found,Fresh,Not Found,Not Found,,,,,,,,,,,,,,,,,,,,,,
Q1118,Open,Poorly Described Movie,3,"What 2005 movie can be poorly described as, ""Celebrating a recent promotion, an alcoholic man plays a bunch of poker, gets drugged, loses all his money, and attracts the attention of international gangsters""",Casino Royale,Not Found,Fresh,Not Found,Not Found,,,,,,,,,,,,,,,,,,,,,,
Q1119,Open,Pop Culture,5,"After a 66 year hiatus, which brand of Wrigley chewing gum was reintroduced to the American market in 2001 by a cheery British Spokesperson?",Orbit,Not Found,Fresh,Not Found,Not Found,,,,,,,,,,,,,,,,,,,,,,
Q1120,T/F,Pop Culture,4,"Which has sold more consoles across all varieties, PlayStation or Xbox?",PlayStation,Not Found,Fresh,Not Found,Not Found,,,,,,,,,,,,,,,,,,,,,,
Q1121,Multi,Pop Culture,3,"Which of these IS NOT a Tarot Card in a typical 78-card tarot deck: The Devil, The High Priestess, The Bishop, or The Fool?",The Bishop,Not Found,Fresh,Not Found,Not Found,,,,,,,,,,,,,,,,,,,,,,
Q1122,Open,Pop Culture,3,"USPS unveiled a new Forever stamp featuring this actress known as the ""First Lady of Television""",Betty White,Not Found,Fresh,Not Found,Not Found,,,,,,,,,,,,,,,,,,,,,,
Q1123,Open,Pop Culture,3,This BAFTA winning actress has portrayed Mary Poppins and Queen Victoria & recently has starred in two of her husband's horror films  ,Emily Blunt,Not Found,Fresh,Not Found,Not Found,,,,,,,,,,,,,,,,,,,,,,
Q1124,Multi,Pop Culture,2,"Which of these locations has NOT hosted a ""Real Housewives"" spinoff: New Jersey, Salt Lake City, Potomac, or Hollywood",Hollywood,Not Found,Fresh,Not Found,Not Found,,,,,,,,,,,,,,,,,,,,,,
Q1125,Open,Pop Culture,2,"What city was The Black Dahlia, aka Elizabeth Short, found murdered in?",Los Angeles,Not Found,Fresh,Not Found,Not Found,,,,,,,,,,,,,,,,,,,,,,/
Q1126,Open,Pop Culture,2,Which British musician created the glam-rock alter ego “Ziggy Stardust”?,David Bowie,Not Found,Fresh,Not Found,Not Found,,,,,,,,,,,,,,,,,,,,,,/
Q1127,Open,Pop Culture,4,Which sci-fi film is based on Philip K. Dick’s novel “Do Androids Dream of Electric Sheep?”,Blade Runner,Not Found,Fresh,Not Found,Not Found,,,,,,,,,,,,,,,,,,,,,,
Q1128,Open,Space,4,"Also known as ""The Seven Sisters"" what constellation makes up the Subaru logo?",(The) Pleiades,Not Found,Fresh,Not Found,Not Found,,,,,,,,,,,,,,,,,,,,,,
Q1129,Open,Space,4,What is the official term for the spring equinox?,Vernal Equinox,Not Found,Fresh,Not Found,Not Found,,,,,,,,,,,,,,,,,,,,,,
Q1130,T/F,Space,3,True or False: the year 2100 will be a leap year.,"False, but 2000 was",Not Found,Fresh,Not Found,Not Found,,,,,,,,,,,,,,,,,,,,,,
Q1131,Open,Space,4,"What is the apparent backward motion of a planet against the stars, often discussed in popular astrology?",Retrograde,Not Found,Fresh,Not Found,Not Found,,,,,,,,,,,,,,,,,,,,,,
Q1132,Open,Space,3,What is the outermost layer of the sun?,Corona,Not Found,Fresh,Not Found,Not Found,,,,,,,,,,,,,,,,,,,,,,
Q1133,Open,Space,4,"Which pair of NASA spacecraft, launched in 1977, carry a “Golden Record” of Earth’s sounds and images?",Voyager (I and II),Not Found,Fresh,Not Found,Not Found,,,,,,,,,,,,,,,,,,,,,,
Q1134,Open,Space,1,"Which space telescope, launched in 1990, transformed astronomy with deep-field images?",Hubble Space Telescope,Not Found,Fresh,Not Found,Not Found,,,,,,,,,,,,,,,,,,,,,,
Q1135,Open,Space,2,Which billionaire launched the first crewed Blue Origin flight in July 2021?,Bezos,Not Found,Fresh,Not Found,Not Found,,,,,,,,,,,,,,,,,,,,,,
Q1136,Open,Space,4,What is the only planet in the solar system that rotates on its side relative to its orbit?,Uranus,Not Found,Fresh,Not Found,Not Found,,,,,,,,,,,,,,,,,,,,,,
Q1137,Open,Space,2,What is the name of the nearest large spiral galaxy to the Milky Way?,Andromeda,Not Found,Fresh,Not Found,Not Found,,,,,,,,,,,,,,,,,,,,,,
Q1138,Open,Space,3,Which atmospheric layer contains most weather?,Troposphere,March 17 26,25,Not Found,March 17 26,,,,,,,,,,,,,,,,,,,,,,
Q1139,Multi,Sports/Games,4,"Which of these horses did NOT win the Triple Crown: Secretariat, Seabiscuit, American Pharaoh, or War Admiral?",Seabiscuit,Not Found,Fresh,Not Found,Not Found,,,,,,,,,,,,,,,,,,,,,,
Q1140,Multi,Sports/Games,3,"What is the heaviest and longest sword used in olympic fencing: Epee, Sabre, or Foil?",Epee,Not Found,Fresh,Not Found,Not Found,,,,,,,,,,,,,,,,,,,,,,
Q1141,Open,Sports/Games,3,What horse race involves jumping over fences and ditches and is named for a church's architectural feature?,Steeplechase,Not Found,Fresh,Not Found,Not Found,,,,,,,,,,,,,,,,,,,,,,
Q1142,Open,Sports/Games,3,Which of the four Tennis (Grand Slam) Major Championships was the first to offer equal prize money to men and women?,US Open,Not Found,Fresh,Not Found,Not Found,,,,,,,,,,,,,,,,,,,,,,
Q1143,Open,Sports/Games,4,What three colors is the official WNBA basketball?,"Orange, White & Black",Not Found,Fresh,Not Found,Not Found,,,,,,,,,,,,,,,,,,,,,,
Q1144,Open,Sports/Games,4,Which soccer legend scored the controversial “Hand of God” goal in the 1986 World Cup quarterfinal?,"Maradona, Diego",Not Found,Fresh,Not Found,Not Found,,,,,,,,,,,,,,,,,,,,,,
Q1145,Multi,Sports/Games,2,"Which NFL Franchise actually plays its home games in the same location as its team name: Dallas Cowboys, San Francisco 49ers, Buffalo Bills, or Indianapolis Colts?",Colts baybee Andy Luck dang talk about TY Hilton man that dude could run dang ole Joseph addai won us the superbowl in 06 I'll tell you hwat Griff Whalen was rooommates at stanford with Luck,Not Found,Fresh,Not Found,Not Found,,,,,,,,,,,,,,,,,,,,,,
Q1146,Open,Sports/Games,1,Which tennis star surpassed Margaret Court’s Grand Slam singles record in 2017?,Serena Williams,Not Found,Fresh,Not Found,Not Found,,,,,,,,,,,,,,,,,,,,,,
Q1147,Open,STEM,0,What metal has the highest melting point (element)?,Tungsten,Not Found,Fresh,Not Found,Not Found,,,,,,,,,,,,,,,,,,,,,,
Q1148,Open,STEM,3,How many levels does the [Enhanced Fujita scale or] EF Scale for Tornados have?,"6 (0-5, INCLUDING 0)",Not Found,Fresh,Not Found,Not Found,,,,,,,,,,,,,,,,,,,,,,
Q1149,Open,STEM,2,"Commonly found in Australia, what precious stone is the birthstone for October?",Opal,Not Found,Fresh,Not Found,Not Found,,,,,,,,,,,,,,,,,,,,,,
Q1150,Open,STEM,2,What chemical element is frequently added to table salt to prevent goiters and other medical conditions?,Iodine,Not Found,Fresh,Not Found,Not Found,,,,,,,,,,,,,,,,,,,,,,
Q1151,Open,STEM,2,"Known in many languages as ""Rontgen Radiation"", what radiation has a wavelength shorter than UV and longer than Gamma radiation?",X-ray,March 3 26,27,Not Found,March 3 26,,,,,,,,,,,,,,,,,,,,,,
Q1152,Open,STEM,4,What operating system developed at Bell Labs in the late 1960s/early 1970s underpins many modern OSes?,Unix,Not Found,Fresh,Not Found,Not Found,,,,,,,,,,,,,,,,,,,,,,
Q1153,Open,STEM,2,What was the first mammal cloned from an adult somatic cell in 1996?,Sheep (Dolly),Not Found,Fresh,Not Found,Not Found,,,,,,,,,,,,,,,,,,,,,,
Q1154,Open,STEM,4,"Which elementary particle was confirmed at CERN in 2012, validating the Standard Model’s mechanism for mass?",Higgs Boson [both parts required],Not Found,Fresh,Not Found,Not Found,,,,,,,,,,,,,,,,,,,,,,
Q1155,Open,STEM,4,What 2012 gene-editing technology uses a programmable bacterial enzyme to cut DNA at specific sites?,CRISPR (CRISPR-Cas9),Not Found,Fresh,Not Found,Not Found,,,,,,,,,,,,,,,,,,,,,,
Q1156,Open,STEM,3,"Do electrons flow from Positive to Negative, or Negative to Positive?",Negative to Positive,Not Found,Fresh,Not Found,Not Found,,,,,,,,,,,,,,,,,,,,,,
Q1157,Open,STEM,2,"What particle physics facility near Geneva completed its first major run in 2012, leading to the Higgs boson discovery?",Large Hadron Collider,Not Found,Fresh,Not Found,Not Found,,,,,,,,,,,,,,,,,,,,,,
Q1158,Open,STEM,1,What gas makes up about 78% of Earth’s atmosphere?,Nitrogen or N₂,Not Found,Fresh,Not Found,Not Found,,,,,,,,,,,,,,,,,,,,,,
Q1159,Open,STEM,3,What part of the human brain is primarily responsible for balance and coordination?,Cerebellum,March 3 26,27,Not Found,March 3 26,,,,,,,,,,,,,,,,,,,,,,
Q1160,Open,STEM,3,What type of bond involves the sharing of electron pairs between atoms?,Covalent Bond,Not Found,Fresh,Not Found,Not Found,,,,,,,,,,,,,,,,,,,,,,
Q1161,Open,STEM,2,What is the scientific term for water changing from a solid directly to a gas?,Sublimation,Not Found,Fresh,Not Found,Not Found,,,,,,,,,,,,,,,,,,,,,,
Q1162,Open,STEM,1,Which vitamin is produced by human skin when exposed to sunlight?,Vitamin D,Not Found,Fresh,Not Found,Not Found,,,,,,,,,,,,,,,,,,,,,,
Q1163,Multi,US,5,"Which of these was NOT a member of the ""Seven Sisters"": Radcliffe, Bryn Mawr, Vassar, or Wesleyan",Wesleyan,March 3 26,27,Not Found,March 3 26,,,,,,,,,,,,,,,,,,,,,,
Q1164,T/F,US,2,"According to the National Park Service, which site received more visitors in 2024: Great Smoky Mountains National Park or the Blue Ridge Parkway?",Blue Ridge PKWY,Feb 3 26,31,Not Found,Feb 3 26,,,,,,,,,,,,,,,,,,,,,,
Q1165,Multi,US,4,"Which city's zoo has the features the most animal species: Omaha, San Diego, St Louis, or Bronx/NYC?",Omaha,March 3 26,27,Not Found,March 3 26,,,,,,,,,,,,,,,,,,,,,,
Q1166,Open,States,4,According to NOAA which [US] state had the [highest recorded] rainfall in 2024?,Louisiana,Not Found,Fresh,Not Found,Not Found,,,,,,,,,,,,,,,,,,,,,,
Q1167,Open,US,2,Smokey the Bear is the iconic mascot of which US Federal Agency?,US Forestry Service,Not Found,Fresh,Not Found,Not Found,,,,,,,,,,,,,,,,,,,,,,
Q1168,Open,States,2,"Which state has the largest state house, with 400 members for a population just over 1 million?",New Hampshire,Not Found,Fresh,Not Found,Not Found,,,,,,,,,,,,,,,,,,,,,,
Q1169,Open,US,2,"Known for his work to modernize the automotive safety industry, what political activist and lawyer ran for President 4 times?",Ralph Nader,Not Found,Fresh,Not Found,Not Found,,,,,,,,,,,,,,,,,,,,,,
Q1170,T/F,US,2,"What is the more common first name among US Presidents, John or James?",James,Not Found,Fresh,Aug 4 26,Not Found,,,,,,,,,,,,,,,,,,,,,,
Q1171,Open,US,2,"Also known as the Vieux Carré [voh care a], what is the oldest neighborhood in New Orleans?",The French Quarter,Not Found,Fresh,Not Found,Not Found,,,,,,,,,,,,,,,,,,,,,,
Q1172,T/F,US,2,True or False: the Golden Gate bridge connects San Franciso to Oakland.,False,March 17 26,25,Not Found,March 17 26,,,,,,,,,,,,,,,,,,,,,,
Q1173,T/F,US,4,Which building was completed first: the Space Needle in Seattle or the Millenium Arch in St. Louis?,The Space Needle,Not Found,Fresh,Not Found,Not Found,,,,,,,,,,,,,,,,,,,,,,
Q1174,Open,US,3,Which 1911 factory fire in New York City led to major workplace safety reforms?,Triangle Shirtwaist Fire,Not Found,Fresh,Not Found,Not Found,,,,,,,,,,,,,,,,,,,,,,
Q1175,Open,US,4,Which 18th-century rebellion over a federal tax prompted President Washington to personally lead militia forces to suppress it?,The Whiskey Rebellion,Not Found,Fresh,Not Found,Not Found,,,,,,,,,,,,,,,,,,,,,,
Q1176,Open,States,3,Which U.S. state contains the most active volcanoes?,Alaska,Not Found,Fresh,Not Found,Not Found,,,,,,,,,,,,,,,,,,,,,,
Q1177,Open,US,1,What 1969 music festival in upstate New York became a symbol of the counterculture era?,Woodstock,Not Found,Fresh,Not Found,Not Found,,,,,,,,,,,,,,,,,,,,,,
Q1178,Open,US,4,What annual event first held in April 1970 is widely seen as launching the modern environmental movement?,Earth Day,Not Found,Fresh,Not Found,Not Found,,,,,,,,,,,,,,,,,,,,,,
Q1179,Open,US,2,Which Houston-based energy company collapsed in 2001 amid an accounting scandal?,Enron,Not Found,Fresh,Not Found,Not Found,,,,,,,,,,,,,,,,,,,,,,
Q1180,Open,US,3,Which 2010 event caused the largest marine oil spill in U.S. history?,Deepwater Horizon,July 7 26,9,Not Found,July 7 26,,,,,,,,,,,,,,,,,,,,,,
Q1181,Multi,US,3,"Which city was founded first: Chicago IL, Columbus OH, or Nashville TN?",Nashville TN,Not Found,Fresh,Not Found,Not Found,,,,,,,,,,,,,,,,,,,,,,
Q1182,Open,US,3,"Queens, New York is named for the queen of which country?",England,Not Found,Fresh,Not Found,Not Found,,,,,,,,,,,,,,,,,,,,,,
Q1183,Open,Virginia,5,"Lane Stadium is named for Edward Hudson Lane, a VPI graduate and founder of a business that produced what clothing storage item?",Cedar Chest,May 12 26,17,Not Found,May 12 26,,,,,,,,,,,,,,,,,,,,,,
Q1184,Open,Virginia,2,What battle in 1781 effectively ended the American Revolutionary War and took place in Virginia?,Yorktown,Not Found,Fresh,Not Found,Not Found,,,,,,,,,,,,,,,,,,,,,,
Q1185,T/F,Virginia,4,Were more or fewer than 6 U.S. presidents were born in Virginia?,More (8),Not Found,Fresh,Not Found,Not Found,,,,,,,,,,,,,,,,,,,,,,
Q1186,Open,Virginia,2,What is the largest city by population in Virginia?,VA Beach,Not Found,Fresh,Not Found,Not Found,,,,,,,,,,,,,,,,,,,,,,
Q1187,Open,Virginia,5,What is the name of either Virginia’s state flower or tree?,Dogwood/American Dogwood,Not Found,Fresh,Not Found,Not Found,,,,,,,,,,,,,,,,,,,,,,
Q1188,Open,World,3,How many timezones does China have?,One (1),Not Found,Fresh,Not Found,Not Found,,,,,,,,,,,,,,,,,,,,,,
Q1189,Open,World,2,"Davis, Pacific, Amazon, and Mountain are all kinds of what?",Timezones,Not Found,Fresh,Not Found,Not Found,,,,,,,,,,,,,,,,,,,,,,
Q1190,T/F,World,3,Was the EU formed before or after 1994?,Before,Not Found,Fresh,Not Found,Not Found,,,,,,,,,,,,,,,,,,,,,,
Q1191,Open,World,5,What 1998 accord helped end most of the violence of the Troubles in Northern Ireland?,Good Friday or Belfast Agreement,Not Found,Fresh,Not Found,Not Found,,,,,,,,,,,,,,,,,,,,,,
Q1192,Open,World,3,Which 1997 treaty set binding greenhouse-gas reduction targets for many industrialized nations?,Kyoto Protocol,Not Found,Fresh,Not Found,Not Found,,,,,,,,,,,,,,,,,,,,,,
Q1193,Open,World,1,Which skyscraper that opened in 2010 in Dubai became (and remains) the world’s tallest building?,Burj Khalifa,Not Found,Fresh,Not Found,Not Found,,,,,,,,,,,,,,,,,,,,,,
Q1194,Open,World,2,What is the colloquial name for the U.K. referendum in 2016 resulted in the decision to leave the European Union?,Brexit,Not Found,Fresh,Not Found,Not Found,,,,,,,,,,,,,,,,,,,,,,
Q1195,Open,Spooky,5,Which Spanish painter’s gruesome “Black Paintings” series includes the image of Saturn devouring his child?,Francisco Goya,Not Found,Fresh,Not Found,Not Found,,,,,,,,,,,,,,,,,,,,,,
Q1196,Open,Spooky,3,Which Swiss illustrator's designs were the inspiration behind Alien & many metal album covers?,H.R. Giger,Not Found,Fresh,Not Found,Not Found,,,,,,,,,,,,,,,,,,,,,,
Q1197,Open,Spooky,2,What Gothic architectural element of a stone waterspout carved as a monster doubles as a supernatural icon on cathedrals?,Gargoyle,Not Found,Fresh,Not Found,Not Found,,,,,,,,,,,,,,,,,,,,,,
Q1198,Open,Spooky,4,What medieval motif shows skeletons leading people of all ranks in a dance toward the grave?,Danse Macabre,Not Found,Fresh,Not Found,Not Found,,,,,,,,,,,,,,,,,,,,,,
Q1199,Open,Spooky,2,"What 1999 horror film can be poorly described as ""3 College film students lose a map and die because none of them learned how to camp""
",The Blair Witch Project,Not Found,Fresh,Not Found,Not Found,,,,,,,,,,,,,,,,,,,,,,
Q1200,Open,Spooky,3,"What 2015 Film can be poorly described as ""a girl falsely accused of crimes by her mother turns to a friendly goat for help"" ",The VVitch (The Witch),Not Found,Fresh,Not Found,Not Found,,,,,,,,,,,,,,,,,,,,,,
Q1201,Open,Spooky,2,"What 1980 film can be poorly described as ""an aspiring writer realizes he might be a better lumberjack than author after a long ski trip with his family""",The Shining,Not Found,Fresh,Not Found,Not Found,,,,,,,,,,,,,,,,,,,,,,
Q1202,Open,Spooky,5,"Which British studio revived classic monsters like Dracula and Frankenstein in vivid color during the 1950s, 60s, and 70s?",Hammer Films (Hammer Horror),Not Found,Fresh,Not Found,Not Found,,,,,,,,,,,,,,,,,,,,,,
Q1203,Open,Spooky,4,"Before the MPAA Rating System existed, what industry code censored depictions of sexual transgression and horror excess in early American cinema?",The Hays Code,Not Found,Fresh,Not Found,Not Found,,,,,,,,,,,,,,,,,,,,,,
Q1204,Open,Spooky,1,What Mexican tradition builds ofrendas to welcome returning souls with marigolds and sugar skulls?,Día de los Muertos,Not Found,Fresh,Not Found,Not Found,,,,,,,,,,,,,,,,,,,,,,
Q1205,Open,Spooky,3,The Jack-O-Latern originally referred to what kind of carved vegetable?,Turnip,Not Found,Fresh,Not Found,Not Found,,,,,,,,,,,,,,,,,,,,,,
Q1206,Open,Spooky,2,What Caribbean Religion blends Catholic saints with African deities?,Voodoo,Not Found,Fresh,Not Found,Not Found,,,,,,,,,,,,,,,,,,,,,,
Q1207,Open,Spooky,2,Which Wallachian prince inspired aspects of the Dracula legend through his brutal reputation?,Vlad the Impaler,Not Found,Fresh,Not Found,Not Found,,,,,,,,,,,,,,,,,,,,,,
Q1208,Open,Spooky,3,Jack the Ripper was active in the 1880s in which London district?,Whitechapel,Not Found,Fresh,Not Found,Not Found,,,,,,,,,,,,,,,,,,,,,,
Q1209,Open,Spooky,2,What Russian mystic’s influence at court and mysterious death have spawned enduring rumors and legends?,Rasputin,Not Found,Fresh,Not Found,Not Found,,,,,,,,,,,,,,,,,,,,,,
Q1210,Open,Spooky,4,What mysterious monster was supposedly created by a Rabbi from the clay from the banks of the Vltava River in Prague?,Golem (the Golem of Prague),Not Found,Fresh,Not Found,Not Found,,,,,,,,,,,,,,,,,,,,,,
Q1211,Open,Spooky,4,Which Sherlock Holmes mystery strands characters on the Devon moor with a spectral animal stalking a cursed family?,The Hound of the Baskervilles,Not Found,Fresh,Not Found,Not Found,,,,,,,,,,,,,,,,,,,,,,
Q1212,Open,Spooky,2,What is the name of the town in Maine where Stephen King's IT and other novels take place?,Derry,Not Found,Fresh,Not Found,Not Found,,,,,,,,,,,,,,,,,,,,,,
Q1213,T/F,Spooky,4,Agatha or Arthur? The Man with the Twisted Lip,Arthur Conan Doyle,Not Found,Fresh,Not Found,Not Found,,,,,,,,,,,,,,,,,,,,,,
Q1214,T/F,Spooky,4,Agatha or Arthur? Peril at End House,Agatha Christie,Not Found,Fresh,Not Found,Not Found,,,,,,,,,,,,,,,,,,,,,,
Q1215,Open,Spooky,3,What nocturnal Latin American cryptid is blamed for bite wounds in livestock?,Chupacabra,Not Found,Fresh,Not Found,Not Found,,,,,,,,,,,,,,,,,,,,,,
Q1216,Open,Spooky,2,What séance device uses a heart-shaped pointer to spell messages on a board?,Ouija Board,Not Found,Fresh,Not Found,Not Found,,,,,,,,,,,,,,,,,,,,,,
Q1217,Open,Spooky,3,What German word is used for a ghostly duplicate of yourself?,Doppelganger,Not Found,Fresh,Not Found,Not Found,,,,,,,,,,,,,,,,,,,,,,
Q1218,Open,Spooky,5,What practice seeks visions by gazing into reflective media like obsidian or dark glass?,Scrying,Not Found,Fresh,Not Found,Not Found,,,,,,,,,,,,,,,,,,,,,,
Q1219,Open,Spooky,3,Which tarot card is popularly misread as doom but more often signals transformation?,Death,Not Found,Fresh,Not Found,Not Found,,,,,,,,,,,,,,,,,,,,,,
Q1220,Open,Spooky,3,What five-pointed shape is traced to invoke or banish in Western ritual practice?,Pentagram,Not Found,Fresh,Not Found,Not Found,,,,,,,,,,,,,,,,,,,,,,
Q1221,Open,Spooky,5,What touchless electronic instrument wails through many classic sci-fi and horror soundtracks?,Theremin,Not Found,Fresh,Not Found,Not Found,,,,,,,,,,,,,,,,,,,,,,
Q1222,Open,Spooky,5,What term names a short repeating figure—like the two-note menace in Jaws—that builds tension?,Ostinato/Leitmotif,Not Found,Fresh,Not Found,Not Found,,,,,,,,,,,,,,,,,,,,,,
Q1223,Open,Spooky,2,What 1973 horror classic was filmed in Georgetown?,The Exorcist,Not Found,Fresh,Not Found,Not Found,,,,,,,,,,,,,,,,,,,,,,
Q1224,Open,Spooky,4,How did the headless Horseman in the short story The Legend of Sleepy Hollow lose his head?,Cannonball,Not Found,Fresh,Not Found,Not Found,,,,,,,,,,,,,,,,,,,,,,
Q1225,Open,Spooky,3,What kind of walking corpse is central to Haitian folklore and later horror movies?,Zombie,Not Found,Fresh,Not Found,Not Found,,,,,,,,,,,,,,,,,,,,,,
Q1226,Open,Spooky,4,"What 2002 movie can be poorly described as ""America's least funny home video goes viral resulting in the death of several teens""",The Ring,Not Found,Fresh,Not Found,Not Found,,,,,,,,,,,,,,,,,,,,,,
Q1227,Open,Spooky,3,"What 2017 moive can be poorly described as ""The TSA successfully busts an illegal, underground brain surgery ring run by a league of concerned voters""",Get Out,Not Found,Fresh,Not Found,Not Found,,,,,,,,,,,,,,,,,,,,,,
Q1228,Open,Spooky,,Which bestselling horror author survived a near-fatal roadside accident in 1999 and later bought the rights to the vehicle that hit him so it could be destroyed?,Stephen King,Not Found,Fresh,Not Found,Not Found,,,,,,,,,,,,,,,,,,,,,,
Q1229,Open,Spooky,3,What U.S. state produces the most pumpkins each year?,Illinois,Not Found,Fresh,Not Found,Not Found,,,,,,,,,,,,,,,,,,,,,,
Q1230,Open,States,4,Which state contains the geographic center of the contiguous United States?,Kansas,Not Found,Fresh,Not Found,Not Found,,,,,,,,,,,,,,,,,,,,,,
Q1231,Open,States,2,What state has the highest average elevation of any U.S. state?,Colorado,Not Found,Fresh,Not Found,Not Found,,,,,,,,,,,,,,,,,,,,,,
Q1232,Open,States,3,"Mammoth Cave, the world's largest cave system, is located in which state?",Kentucky,Not Found,Fresh,Not Found,Not Found,,,,,,,,,,,,,,,,,,,,,,
Q1233,Open,States,2,Which state is the only to NOT have a rectangular or square shaped flag?,Ohio,April 14 26,21,Not Found,April 14 26,,,,,,,,,,,,,,,,,,,,,,
Q1234,Open,States,3,What state is home to the largest island in the Contiguous U.S.?,New York (Long Island),Not Found,Fresh,Not Found,Not Found,,,,,,,,,,,,,,,,,,,,,,
Q1235,Open,States,5,The town of Intercourse is found in which state?,Pennsylvania,Not Found,Fresh,Not Found,Not Found,,,,,,,,,,,,,,,,,,,,,,
Q1236,Open,States,2,"The first public beach in the U.S., Revere Beach, opened in which state?",Massachussetts,Not Found,Fresh,Not Found,Not Found,,,,,,,,,,,,,,,,,,,,,,
Q1237,Open,States,3,Which state is the least populous in the U.S.?,Wyoming,Not Found,Fresh,Not Found,Not Found,,,,,,,,,,,,,,,,,,,,,,
Q1238,Open,States,2,Which state has the largest freshwater coastline?,Michigan,Not Found,Fresh,Not Found,Not Found,,,,,,,,,,,,,,,,,,,,,,
Q1239,Open,States,2,Saguaro National Park is in which state?,Arizona,Not Found,Fresh,Not Found,Not Found,,,,,,,,,,,,,,,,,,,,,,
Q1240,Open,States,2,The only royal palace on U.S. soil is in which state?,Hawaii,Not Found,Fresh,Not Found,Not Found,,,,,,,,,,,,,,,,,,,,,,
Q1241,Open,States,4,Which state is the only one that divides itself into parishes instead of counties?,Louisiana,Not Found,Fresh,Not Found,Not Found,,,,,,,,,,,,,,,,,,,,,,
Q1242,Open,States,4,The town named Truth or Consequences is in which state?,New Mexico,Not Found,Fresh,Not Found,Not Found,,,,,,,,,,,,,,,,,,,,,,
Q1243,Open,States,4,Which state is nicknamed the Beehive State?,Utah,Not Found,Fresh,Not Found,Not Found,,,,,,,,,,,,,,,,,,,,,,
Q1244,Open,States,2,Which state was the first to ratify the U.S. Constitution?,Delaware,Not Found,Fresh,Not Found,Not Found,,,,,,,,,,,,,,,,,,,,,,
Q1245,Open,States,2,What state produced the most Corn in 2024?,Iowa,Not Found,Fresh,Not Found,Not Found,,,,,,,,,,,,,,,,,,,,,,
Q1246,Open,States,2,Which state’s flag features the Big Dipper and the North Star?,Alaska,Not Found,Fresh,Not Found,Not Found,,,,,,,,,,,,,,,,,,,,,,
Q1247,Open,States,3,"What is the flattest state: Indiana, North Dakota, Florida, or Texas?",Florida,Not Found,Fresh,Not Found,Not Found,,,,,,,,,,,,,,,,,,,,,,
Q1248,Multi,States,4,"Which of these states wasn't purchased (either partially or completely): Florida, Lousiana, Alaska, or Oregon? ",Oregon,Not Found,Fresh,Not Found,Not Found,,,,,,,,,,,,,,,,,,,,,,
Q1249,Open,States,3,"The world's first Skyscraper, the Home Insurance Building, was built in which state?",Illinois,Not Found,Fresh,Not Found,Not Found,,,,,,,,,,,,,,,,,,,,,,
Q1250,Open,States,1,Fort Knox is located in which state?,Kentucky,Not Found,Fresh,Not Found,Not Found,,,,,,,,,,,,,,,,,,,,,,
Q1251,Open,States,1,What state did the Wright Brothers complete their first powered flight in?,North Carolina,March 3 26,27,Not Found,March 3 26,,,,,,,,,,,,,,,,,,,,,,
Q1252,Open,States,2,What state are the Wright Brothers from?,Ohio,April 14 26,21,Not Found,April 14 26,,,,,,,,,,,,,,,,,,,,,,
Q1253,Open,States,1,Which state has both the lowest point and highest mountain in the contiguous U.S.?,California,March 3 26,27,Not Found,March 3 26,,,,,,,,,,,,,,,,,,,,,,
Q1254,Open,States,2,What state is the only one that grows coffee commercially?,Hawaii,Not Found,Fresh,Not Found,Not Found,,,,,,,,,,,,,,,,,,,,,,
Q1255,Open,States,1,What state produces the most potatoes?,Idaho,Not Found,Fresh,Not Found,Not Found,,,,,,,,,,,,,,,,,,,,,,
Q1256,Open,States,2,What state hosts the nation's first presidential caucus every 4 years?,Iowa,Not Found,Fresh,Not Found,Not Found,,,,,,,,,,,,,,,,,,,,,,
Q1257,Open,States,2,"The first shots of the American Revolution were fired in Lexington and Concord, located in which state?",Massachussetts,Not Found,Fresh,Not Found,Not Found,,,,,,,,,,,,,,,,,,,,,,
Q1258,Open,States,4,Hoover Dam sits on the border between Arizona and which other state?,Nevada,March 17 26,25,Not Found,March 17 26,,,,,,,,,,,,,,,,,,,,,,
Q1259,Open,States,2,This state’s motto “Live Free or Die” appears on all its license plates.,New Hampshire,Not Found,Fresh,Not Found,Not Found,,,,,,,,,,,,,,,,,,,,,,
Q1260,Open,States,3,The first organized baseball game and the first boardwalk both took place in which atlantic state?,New Jersey,Not Found,Fresh,Not Found,Not Found,,,,,,,,,,,,,,,,,,,,,,
Q1261,Open,States,4,The Erie Canal connected the Hudson River to the Great Lakes in which state?,New York,Not Found,Fresh,Not Found,Not Found,,,,,,,,,,,,,,,,,,,,,,
Q1262,Open,States,2,Which New England state was the first to declare independance from England?,Rhode Island,July 7 26,9,Not Found,July 7 26,,,,,,,,,,,,,,,,,,,,,,
Q1263,Open,States,1,What state produces the most cheese?,Wisconsin,June 9 26,13,Not Found,June 9 26,,,,,,,,,,,,,,,,,,,,,,
Q1264,Open,States,3,"What state has more than a million businesses registered in it, outnumbering it's actual number of residents?",Delaware,Not Found,Fresh,Not Found,Not Found,,,,,,,,,,,,,,,,,,,,,,
Q1265,Open,States,2,What state is the only one to have a single syllable in its name?,Maine,Not Found,Fresh,Not Found,Not Found,,,,,,,,,,,,,,,,,,,,,,
Q1266,Open,States,4,This state shares the longest stretch of land border with Canada of any contiguous U.S. state.,Montana,Not Found,Fresh,Not Found,Not Found,,,,,,,,,,,,,,,,,,,,,,
Q1267,Multi,States,3,"Which current state isn't along the historic route of the Oregon Trail: Kansas, Colorado, Wyoming, or Idaho?",Colorado,Not Found,Fresh,Not Found,Not Found,,,,,,,,,,,,,,,,,,,,,,
Q1268,Open,States,2,The first computer (ENIAC) was developed at a university in this state in 1946.,Pennsylvania,Not Found,Fresh,Not Found,Not Found,,,,,,,,,,,,,,,,,,,,,,
Q1269,Open,States,3,Vidalia Onions are which State's official vegetable?,Georgia,Not Found,Fresh,Not Found,Not Found,,,,,,,,,,,,,,,,,,,,,,
Q1270,Multi,States,2,"Which state doesn't feature the Northern Cardinal as their state bird: North Carolina, Virginia, Indiana, or Tennessee? ",Tennessee,Not Found,Fresh,Not Found,Not Found,,,,,,,,,,,,,,,,,,,,,,
Q1271,Open,States,4,"What 2002 movie can be poorly described as ""A woman takes a break from her fancy New York life to divorce a guy she accidentally married during a thunderstorm""",Sweet Home Alabama,Not Found,Fresh,Not Found,Not Found,,,,,,,,,,,,,,,,,,,,,,
Q1272,Open,States,4,Napoleon Dynamite is both set and filmed in which western state?,Idaho,Not Found,Fresh,Not Found,Not Found,,,,,,,,,,,,,,,,,,,,,,
Q1273,Open,States,3,"What 1989 film can be poorly described as ""A father and son reconcile their differences by taking a blimp ride in Europe, visiting Venice, solving riddles, and getting drunk in Jordan""",Indiana Jones and the Last Crusade,Not Found,Fresh,Not Found,Not Found,,,,,,,,,,,,,,,,,,,,,,
Q1274,Open,Poorly Described Movie,5,"What 2008 film can be poorly described as ""The trinity nuclear test makes a father reconsider his relationship with his Son, the US Government, Calendars, and Aliens""",Indiana Jones and the Kingdom of the Crystal Skull,Not Found,Fresh,Not Found,Not Found,,,,,,,,,,,,,,,,,,,,,,
Q1275,Open,Poorly Described Movie,3,"What 1981 film can be poorly described as ""a rouge history teacher destroys multiple UNESCO world heritage sites in order to find a magic box he thinks is bogus""",Raiders of the Lost Ark,Not Found,Fresh,Not Found,Not Found,,,,,,,,,,,,,,,,,,,,,,
Q1276,Open,States,4,"What 1974 film can be poorly described as ""a local lumberjack and skin-care enthusiast, caring for his elderly parents and family, is forced to defend his home from a rowdy group of teens. "" ",The Texas Chainsaw Massacre,Not Found,Fresh,Not Found,Not Found,,,,,,,,,,,,,,,,,,,,,,
Q1277,Open,States,2,Which state is the only one that has a capital city made up of three words?,Utah (Salt Lake City),Not Found,Fresh,Not Found,Not Found,,,,,,,,,,,,,,,,,,,,,,
Q1278,Open,States,3,What state is the only to have a coastline on both the Atlantic Ocean and a Great Lake?,New York,Not Found,Fresh,Not Found,Not Found,,,,,,,,,,,,,,,,,,,,,,
Q1279,T/F,States,1,Which state has more miles of coastline according to NOAA? North or South Carolina?,North Carolina,March 3 26,27,Not Found,March 3 26,,,,,,,,,,,,,,,,,,,,,,
Q1280,Open,States,0,The first significant gold rush in the United States occured in 1799 in which state?,North Carolina,March 3 26,27,Not Found,March 3 26,,,,,,,,,,,,,,,,,,,,,,
Q1281,Open,Biology/Zoology,3,What mammal has the highest blood pressure due to the height of its heart relative to its head?,Giraffe,March 24 26,24,Aug 4 26,March 24 26,,,,,,,,,,,,,,,,,,,,,,
Q1282,Open,Fashion,2,Which Italian designer is credited with creating the first widely recognized designer logo T-shirt?,Giorgio Armani,Not Found,Fresh,Not Found,Not Found,,,,,,,,,,,,,,,,,,,,,,
Q1283,Open,High Art,1,Which artist painted the ceiling of the Sistine Chapel?,Michelangelo,Not Found,Fresh,Not Found,Not Found,,,,,,,,,,,,,,,,,,,,,,
Q1284,Multi,States,1,Which U.S. state is known as the “Land of 10000 Lakes”?,Minnesota,March 3 26,27,Not Found,March 3 26,,,,,,,,,,,,,,,,,,,,,,
Q1285,Multi,Linguistics,3,The Welsh language belongs to which language family?,Celtic,Not Found,Fresh,Not Found,Not Found,,,,,,,,,,,,,,,,,,,,,,
Q1286,Open,Music,1,Which classical composer wrote the “Moonlight Sonata”?,Ludwig von Beethoven,Not Found,Fresh,Not Found,Not Found,,,,,,,,,,,,,,,,,,,,,,
Q1287,Open,Religion/Myth,2,What mythical creature is half-eagle and half-lion?,Griffin,Not Found,Fresh,Not Found,Not Found,,,,,,,,,,,,,,,,,,,,,,
Q1288,Open,Sports/Games,2,In which sport would you perform a “double axel”?,Figure Skating,Not Found,Fresh,Not Found,Not Found,,,,,,,,,,,,,,,,,,,,,,
Q1289,Multi,STEM,1,What gas makes up the majority of Earth's atmosphere?,Nitrogen,Not Found,Fresh,Not Found,Not Found,,,,,,,,,,,,,,,,,,,,,,
Q1290,Open,US,1,Which U.S. landmark was gifted by France in 1886?,The Statue of Liberty,Not Found,Fresh,Not Found,Not Found,,,,,,,,,,,,,,,,,,,,,,
Q1291,Multi,World,3,Which Asian country is known for having the world’s longest continuous monarchy?,Japan,Not Found,Fresh,Not Found,Not Found,,,,,,,,,,,,,,,,,,,,,,
Q1292,Open,Biology/Zoology,2,What organ do fish use to extract oxygen from water?,Gills,Not Found,Fresh,Not Found,Not Found,,,,,,,,,,,,,,,,,,,,,,
Q1293,Multi,Biology/Zoology,3,"Which animal has the strongest bite force—Lion, Hyena, Crocodile, or Bear?",Crocodile,Feb 3 26,31,Not Found,Feb 3 26,,,,,,,,,,,,,,,,,,,,,,
Q1294,T/F,Biology/Zoology,1,True or False: All mammals give live birth.,FALSE,March 17 26,25,Not Found,March 17 26,,,,,,,,,,,,,,,,,,,,,,
Q1295,Open,Biology/Zoology,5,What is the scientific term for animals that maintain a stable internal body temperature?,Homeotherms,Not Found,Fresh,Not Found,Not Found,,,,,,,,,,,,,,,,,,,,,,
Q1296,Open,Biology/Zoology,3,What pigment gives plants their green color?,Chlorophyll,Not Found,Fresh,Not Found,Not Found,,,,,,,,,,,,,,,,,,,,,,
Q1297,T/F,Biology/Zoology,1,True or False: Dolphins are mammals.,TRUE,March 24 26,24,Not Found,March 24 26,,,,,,,,,,,,,,,,,,,,,,
Q1298,Multi,Biology/Zoology,3,Which part of the cell contains its genetic material?,Nucleus,Not Found,Fresh,Not Found,Not Found,,,,,,,,,,,,,,,,,,,,,,
Q1299,Open,Biology/Zoology,1,What is the term for animals that eat both plants and meat?,Omnivores,March 24 26,24,Not Found,March 24 26,,,,,,,,,,,,,,,,,,,,,,
Q1300,T/F,Biology/Zoology,1,True or False: A turtle is a reptile.,TRUE,March 24 26,24,Not Found,March 24 26,,,,,,,,,,,,,,,,,,,,,,
Q1301,Open,Biology/Zoology,4,What is the largest internal organ in the human body?,Liver,Feb 3 26,31,Not Found,Feb 3 26,,,,,,,,,,,,,,,,,,,,,,
Q1302,Multi,Biology/Zoology,2,"Which animal does not have a prehensile tail—Koala, Opossum, or Bearcat?",Koala,March 24 26,24,Not Found,March 24 26,,,,,,,,,,,,,,,,,,,,,,
Q1303,Open,Biology/Zoology,5,What is the name of the process by which plants release water vapor?,Transpiration,Not Found,Fresh,Not Found,Not Found,,,,,,,,,,,,,,,,,,,,,,
Q1304,T/F,Biology/Zoology,1,True or False: Bats are the only mammals capable of true flight.,TRUE,March 24 26,24,Not Found,March 24 26,,,,,,,,,,,,,,,,,,,,,,
Q1305,Open,Biology/Zoology,3,What is the primary diet of a frugivore?,Fruit,March 24 26,24,Not Found,March 24 26,,,,,,,,,,,,,,,,,,,,,,
Q1306,Multi,Biology/Zoology,4,"Which species of whale is the largest animal on Earth—Sperm, Blue, Humpback, or Orca?",Blue Whale,March 24 26,24,Not Found,March 24 26,,,,,,,,,,,,,,,,,,,,,,
Q1307,Open,Biology/Zoology,5,"What is the term for an organism that lives in or on another organism, benefiting at the host’s expense?",Parasite,Not Found,Fresh,Not Found,Not Found,,,,,,,,,,,,,,,,,,,,,,
Q1308,Multi,High Art,3,"Which art movement is Claude Monet associated with—Cubism, Impressionism, Surrealism, or Romanticism?",Impressionism,Feb 3 26,31,Not Found,Feb 3 26,,,,,,,,,,,,,,,,,,,,,,
Q1309,T/F,High Art,1,True or False: Michelangelo sculpted David.,TRUE,March 24 26,24,Not Found,March 24 26,,,,,,,,,,,,,,,,,,,,,,
Q1310,Open,High Art,4,Which architect designed the Guggenheim Museum in Bilbao?,Frank Gehry,Not Found,Fresh,Not Found,Not Found,,,,,,,,,,,,,,,,,,,,,,
Q1311,Multi,High Art,2,"Which Dutch painter is known for “The Starry Night”—Vermeer, Van Gogh, Rembrandt, or Modrian?",Van Gogh,Not Found,Fresh,Not Found,Not Found,,,,,,,,,,,,,,,,,,,,,,
Q1312,Open,High Art,5,What is the painting technique of rapidly applying small dots of color called?,Pointillism,Not Found,Fresh,Not Found,Not Found,,,,,,,,,,,,,,,,,,,,,,
Q1313,T/F,High Art,1,True or False: The Louvre is located in Paris.,TRUE,March 24 26,24,Not Found,March 24 26,,,,,,,,,,,,,,,,,,,,,,
Q1314,Open,High Art,3,Who painted “The Birth of Venus”?,Sandro Botticelli,Not Found,Fresh,Not Found,Not Found,,,,,,,,,,,,,,,,,,,,,,
Q1315,Open,High Art,4,Which Spanish painter is known for co-founding the Cubist movement and his blue period?,Pablo Picasso,Not Found,Fresh,Not Found,Not Found,,,,,,,,,,,,,,,,,,,,,,
Q1316,T/F,High Art,2,True or False: Frescoes are painted on dry plaster.,FALSE,March 17 26,25,Not Found,March 17 26,,,,,,,,,,,,,,,,,,,,,,
Q1317,Open,High Art,3,Who painted “Girl with a Pearl Earring”?,Johannes Vermeer,July 7 26,9,Not Found,July 7 26,,,,,,,,,,,,,,,,,,,,,,
Q1318,Multi,High Art,4,"Which composer wrote “The Four Seasons”—Mozart, Vivaldi, Beethoven, or Handel?",Vivaldi,Not Found,Fresh,Not Found,Not Found,,,,,,,,,,,,,,,,,,,,,,
Q1319,Multi,High Art,3,"Which Italian artist created “The Last Supper”—Raphael, Michelangelo, da Vinci, or Titian?",da Vinci,Not Found,Fresh,Not Found,Not Found,,,,,,,,,,,,,,,,,,,,,,
Q1320,Open,High Art,5,Which Norwegian artist painted “The Scream”?,Edvard Munch,Not Found,Fresh,Not Found,Not Found,,,,,,,,,,,,,,,,,,,,,,
Q1321,Open,World,2,What is the capital of Japan?,Tokyo,Not Found,Fresh,Not Found,Not Found,,,,,,,,,,,,,,,,,,,,,,
Q1322,Multi,World,3,"Which country has the most pyramids—Egypt, Peru, Sudan, or Mexico?",Sudan,Not Found,Fresh,Not Found,Not Found,,,,,,,,,,,,,,,,,,,,,,
Q1323,T/F,World,1,True or False: Europe is the smallest continent.,FALSE,March 17 26,25,Not Found,March 17 26,,,,,,,,,,,,,,,,,,,,,,
Q1324,T/F,World,4,"Which river is longer, the Nile or the Amazon?",The Nile,8/4/2026,5,Aug 4 26,Not Found,,,,,,,,,,,,,,,,,,,,,,
Q1325,Open,World,5,What mountain range separates Europe and Asia?,The Ural Mountains,Not Found,Fresh,Not Found,Not Found,,,,,,,,,,,,,,,,,,,,,,
Q1326,T/F,World,1,True or False: The Sahara is the world’s largest desert.,False (Antarctica is),Not Found,Fresh,Not Found,Not Found,,,,,,,,,,,,,,,,,,,,,,
Q1327,Open,World,1,What is the official language of Brazil?,Portuguese,July 7 26,9,Not Found,July 7 26,,,,,,,,,,,,,,,,,,,,,,
Q1328,Open,World,3,What is the world’s largest island that is not a continent?,Greenland,Feb 3 26,31,Not Found,Feb 3 26,,,,,,,,,,,,,,,,,,,,,,
Q1329,T/F,World,1,True or False: The equator passes through Kenya.,TRUE,March 24 26,24,Not Found,March 24 26,,,,,,,,,,,,,,,,,,,,,,
Q1330,Open,World,5,What country is home to the ancient city of Petra?,Jordan,Not Found,Fresh,Not Found,Not Found,,,,,,,,,,,,,,,,,,,,,,
Q1331,Multi,World,3,"Which country produces the most coffee—Colombia, Brazil, Ethiopia, or Vietnam?",Brazil,June 2 26,14,Not Found,June 2 26,,,,,,,,,,,,,,,,,,,,,,
Q1332,Open,World,4,What is the currency of the United Kingdom?,Pound sterling,Not Found,Fresh,Not Found,Not Found,,,,,,,,,,,,,,,,,,,,,,
Q1333,Open,Misc,3,"On an old-fashioned rotary phone,what number requires the longest turn of the dial?",0,March 17 26,25,Not Found,March 17 26,,,,,,,,,,,,,,,,,,,,,,
Q1334,Open,US,3,"On average, what denomination of U.S. paper currency remains in circulation the longest?",100 Dollar Bill,Not Found,Fresh,Not Found,Not Found,,,,,,,,,,,,,,,,,,,,,,
Q1335,Open,STEM,4,"On average, what is the most abundant gas released into the atmosphere by a volcano?",Water Vapor,Not Found,Fresh,Not Found,Not Found,,,,,,,,,,,,,,,,,,,,,,
Q1336,Open,STEM,2,"On average,a healthy person’s resting heart rate falls into which of these ranges of “beats per minute”?",60-100,Not Found,Fresh,Not Found,Not Found,,,,,,,,,,,,,,,,,,,,,,
Q1337,Open,US,3,"On December 21, 1864, General Sherman’s famous “March to the Sea” concluded with the capture of what Southern city?",Savannah,July 7 26,9,Not Found,July 7 26,,,,,,,,,,,,,,,,,,,,,,
Q1338,Open,Fashion,4,"On dress shirts, button-down, spread and tab are types of what?",Collar,Not Found,Fresh,Not Found,Not Found,,,,,,,,,,,,,,,,,,,,,,
Q1339,Open,Food/Drink,4,"On food packaging, a circle with a “U” indicates that the food is certified as what?",Kosher,Not Found,Fresh,Not Found,Not Found,,,,,,,,,,,,,,,,,,,,,,
Q1340,Open,Film/TV,3,"On his talk show “Maury,” host Maury Povich famously says to some of his guests “you are NOT” what?",The Father,Feb 3 26,31,Not Found,Feb 3 26,,,,,,,,,,,,,,,,,,,,,,
Q1341,Open,Film/TV,4,"On March 4, 2010, baby Cecelia Marie Halpert was “born” on an emotional episode of what hit TV series?",The Office,Not Found,Fresh,Not Found,Not Found,,,,,,,,,,,,,,,,,,,,,,
Q1342,Open,Film/TV,2,"On television, Dr. Gregory House’s apartment number is “221B,” a nod to what famous literary sleuth’s address?",Sherlock Holmes,Not Found,Fresh,Not Found,Not Found,,,,,,,,,,,,,,,,,,,,,,
Q1343,Open,Film/TV,2,"On the cartoon series Scooby-Doo, Where Are You, which character usually wears a scarf?",Daphne,Feb 3 26,31,Not Found,Feb 3 26,,,,,,,,,,,,,,,,,,,,,,
Q1344,Open,Film/TV,2,"On the cartoon series Scooby-Doo, Where Are You, which character usually wears an ascot?",Fred,Feb 3 26,31,Not Found,Feb 3 26,,,,,,,,,,,,,,,,,,,,,,
Q1345,Open,Film/TV,4,"On the children’s TV “Dora the Explorer,” Dora’s best friend Boots is what kind of animal?",Monkey,Not Found,Fresh,Not Found,Not Found,,,,,,,,,,,,,,,,,,,,,,
Q1346,Open,Food/Drink,3,"On the FDA Nutrition Facts food label,the abbreviation “DV” stands for what?",Daily Value,Not Found,Fresh,Not Found,Not Found,,,,,,,,,,,,,,,,,,,,,,
Q1347,Open,US,2,"On the Great Seal of the United States,the eagle holds in its beak a scroll bearing what Latin phrase?",E Pluribus Unum,Not Found,Fresh,Not Found,Not Found,,,,,,,,,,,,,,,,,,,,,,
Q1348,Open,Biology/Zoology,2,"On the human body, the area of skin known as “The T-zone” is located where?",Face,June 2 26,14,Not Found,June 2 26,,,,,,,,,,,,,,,,,,,,,,
Q1349,Open,Biology/Zoology,5,"On the human body, the intercostal muscles are located where?",Ribs,Not Found,Fresh,Not Found,Not Found,,,,,,,,,,,,,,,,,,,,,,
Q1350,Open,Economics,5,"On the New York Stock Exchange,what company uses the apt stock symbol “CAKE”?",The Cheesecake Factory,Jan 21 26,33,Not Found,Jan 21 26,,,,,,,,,,,,,,,,,,,,,,
Q1351,Open,Film/TV,4,"On the TV sitcom “How I Met Your Mother,” what actor provides the voice of the unseen narrator?",Bob Saget,May 5 26,18,Not Found,May 5 26,,,,,,,,,,,,,,,,,,,,,,
Q1352,Open,Low Art,4,On what classic TV game show do contestants frequently chant “No Whammies”?,Press Your Luck,March 3 26,27,Not Found,March 3 26,,,,,,,,,,,,,,,,,,,,,,
Q1353,Open,Space,3,On which date(s) do all the places in the Earth experience 12 hours of daylight and 12 hours of darkness?,Vernal and Autumnal Equinoxes,Feb 3 26,31,Not Found,Feb 3 26,,,,,,,,,,,,,,,,,,,,,,
Q1354,Open,World,3,"Once believed to ward off evil spirits,a Greek wedding tradition involves the ceremonious smashing of what?",Plates,Not Found,Fresh,Not Found,Not Found,,,,,,,,,,,,,,,,,,,,,,
Q1355,Open,Fashion,5,"Once featured on a TV infomercial and still used to this day by actor George Clooney to create his signature ""Caesar"" haircut, the Flowbee is a haircutting device that works with what household appliance?",Vacuum Cleaner,Not Found,Fresh,Not Found,Not Found,,,,,,,,,,,,,,,,,,,,,,
Q1356,Open,Sports/Games,2,"Once ranked #1 for a record 237 weeks, tennis great Roger Federer hails from what country?",Switzerland,Not Found,Fresh,Not Found,Not Found,,,,,,,,,,,,,,,,,,,,,,
Q1357,Open,Fashion,3,"One of the great ’90s fashion fads, “Zubaz” were brightly-colored what?",Pants,Not Found,Fresh,Not Found,Not Found,,,,,,,,,,,,,,,,,,,,,,
Q1358,Open,Linguistics,4,"One of the most translated books in the world, Anne Frank’s original diary was published in what language?",Dutch,Not Found,Fresh,Not Found,Not Found,,,,,,,,,,,,,,,,,,,,,,
Q1359,Open,US,2,One of the world’s steepest streets in a major city - Filbert Street is located where?,San Francisco,Not Found,Fresh,Not Found,Not Found,,,,,,,,,,,,,,,,,,,,,,
Q1360,Open,Religion/Myth,4,Oregon’s George Fox University is named in honor of the founder of what religious movement?,Quakers / Society of Friends,March 17 26,25,Not Found,March 17 26,,,,,,,,,,,,,,,,,,,,,,
Q1361,Open,Buildings/Architecture,1,"Originally en vogue in the early 1900s, a “craftsman” is a simplistic style of what?",House,Not Found,Fresh,Not Found,Not Found,,,,,,,,,,,,,,,,,,,,,,
Q1362,Open,Food/Drink,2,"Originally made in Germany, traditional Rumple Minze schnapps is known for what distinctive flavor?",Peppermint,Feb 10 26,30,Not Found,Feb 10 26,,,,,,,,,,,,,,,,,,,,,,
Q1363,Open,Food/Drink,3,"Originating in Turkey, sultanas are a flavorful variety of what food?",Raisins,Feb 10 26,30,Not Found,Feb 10 26,,,,,,,,,,,,,,,,,,,,,,
Q1364,Open,Food/Drink,1,Orzo is a type of Italian pasta shaped like what?,Grains of Rice,Feb 10 26,30,Not Found,Feb 10 26,,,,,,,,,,,,,,,,,,,,,,
Q1365,Multi,Biology/Zoology,2,"Ossicones are hair-covered horns atop the head of which of these mammals: Deer, Bison, Girafffe, or Antelope?",Giraffe,March 24 26,24,Not Found,March 24 26,,,,,,,,,,,,,,,,,,,,,,
Q1366,Open,World,1,"Other than Antarctica, what continent has the smallest population?",Australia,Not Found,Fresh,Not Found,Not Found,,,,,,,,,,,,,,,,,,,,,,
Q1367,Open,Geography,2,"Over 17000 feet tall, Mount Kenya is the second highest mountain on what continent?",Africa,Not Found,Fresh,Not Found,Not Found,,,,,,,,,,,,,,,,,,,,,,
Q1368,Open,High Art,1,"Painted in 1893,the famous Edvard Munch painting “The Scream” depicts a terrified figure holding his hands where?",On His Cheeks/Face,March 3 26,27,Not Found,March 3 26,,,,,,,,,,,,,,,,,,,,,,
Q1369,Open,World,3,Paris’s largest airport is named after what French leader?,Charles de Gualle,Not Found,Fresh,Not Found,Not Found,,,,,,,,,,,,,,,,,,,,,,
Q1370,Open,Food/Drink,4,"Partly due to its rounded shape and leathery green skin, what fruit is also known as an “alligator pear”?",Avocado,Feb 10 26,30,Not Found,Feb 10 26,,,,,,,,,,,,,,,,,,,,,,
Q1371,Open,Food/Drink,3,"Pastis, sambuca and ouzo are three similar liqueurs that all have what distinctive flavor?",Anise,Feb 10 26,30,Not Found,Feb 10 26,,,,,,,,,,,,,,,,,,,,,,
Q1372,Open,Food/Drink,2,Patagonian toothfish is served in restaurants under which more menu-friendly name?,Chilean Sea Bass,Feb 10 26,30,Not Found,Feb 10 26,,,,,,,,,,,,,,,,,,,,,,
Q1373,Open,Music,3,Payola is a type of illegal payment typically associated with what industry?,RADIO/MUSIC STREAMING,Not Found,Fresh,Not Found,Not Found,,,,,,,,,,,,,,,,,,,,,,
Q1374,Multi,Food/Drink,4,"Pectin,a water-soluble carbohydrate,is an important ingredient in which of the following: Jam/Jelly?",JELLY,Not Found,Fresh,Not Found,Not Found,,,,,,,,,,,,,,,,,,,,,,
Q1375,Open,Music,3,"People would most likely use the mnemonic “Every good boy does fine” or ""Good Boys Do Fine Always"" when learning to do what?",Reading Sheet Music,July 14 26,8,Not Found,July 14 26,,,,,,,,,,,,,,,,,,,,,,
Q1376,Open,Biology/Zoology,2,"Performed to assist breathing, a tracheotomy is a surgery on what part of the body?",Windpipe,Not Found,Fresh,Not Found,Not Found,,,,,,,,,,,,,,,,,,,,,,
Q1377,Open,Biology/Zoology,2,"Perhaps alluding to the diets of very small children,deciduous or “baby” teeth are also known as what?",Milk Teeth,Not Found,Fresh,Not Found,Not Found,,,,,,,,,,,,,,,,,,,,,,
Q1378,Open,Biology/Zoology,4,"Perhaps because it’s so romantic,a full moon often triggers which of these sea creatures to reproduce: Sea Horses, Sea Anenome, Starfish, or Coral?",Coral,March 24 26,24,Not Found,March 24 26,,,,,,,,,,,,,,,,,,,,,,
Q1379,Open,Biology/Zoology,3,Piscivorous animals feed mainly on what?,Fish,Jan 21 26,33,Not Found,Jan 21 26,,,,,,,,,,,,,,,,,,,,,,
Q1380,Multi,Film/TV,2,"Pixar has won Academy Awards for all but which of the following: Best Picture, Best Sound Editing, Best Music or Original Song, or Best Animated Feature?",Best Picture,Not Found,Fresh,Not Found,Not Found,,,,,,,,,,,,,,,,,,,,,,
Q1381,Open,STEM,1,Placing a blanket over a fire extinguishes it by robbing the flame of what gas?,Oxygen,Not Found,Fresh,Not Found,Not Found,,,,,,,,,,,,,,,,,,,,,,
Q1382,Open,High Art,,"Pointe shoes,also known as “toe shoes,” are commonly used in what style of dance?",Ballet,May 12 26,17,Not Found,May 12 26,,,,,,,,,,,,,,,,,,,,,,
Q1383,Open,World,,"Which country has NOT produced a Pope of the Roman Catholic church: Germany, Poland, Denmark, or the Netherlands",Denmark,June 9 26,13,Not Found,June 9 26,,,,,,,,,,,,,,,,,,,,,,
Q1384,Open,Biology/Zoology,4,"Popular at Christmas time, mistletoe plants normally have what color berries?",White,Not Found,Fresh,Not Found,Not Found,,,,,,,,,,,,,,,,,,,,,,
Q1385,Open,Food/Drink,,"Popular in France, a croque-monsieur is a heated sandwich traditionally filled with what?",HAM AND CHEESE,Feb 10 26,30,Not Found,Feb 10 26,,,,,,,,,,,,,,,,,,,,,,
Q1386,Open,US,,"Popular in homes in the state for which it’s named,an “Arizona Room” is a type of what?",SCREENED-IN PATIO,Not Found,Fresh,Not Found,Not Found,,,,,,,,,,,,,,,,,,,,,,
Q1387,Open,Food/Drink,2,"Popular in India, a tandoor is a clay structure used for what purpose?",Cooking Food,Not Found,Fresh,Not Found,Not Found,,,,,,,,,,,,,,,,,,,,,,
Q1388,Open,Food/Drink,3,"Popular in India, paneer is a type of what food?",Cheese,Not Found,Fresh,Not Found,Not Found,,,,,,,,,,,,,,,,,,,,,,
Q1389,Open,Food/Drink,3,"Popular in Russia, samovars are used primarily to do what?",BOIL WATER/SERVE TEA,Not Found,Fresh,Not Found,Not Found,,,,,,,,,,,,,,,,,,,,,,
Q1390,Multi,Music,5,"Which of these bands derives its unusual name from “The Simpsons”: Maroon 5, Hootie and The Blowfish, or Fall Out Boy?",FALL OUT BOY,July 7 26,9,Not Found,July 7 26,,,,,,,,,,,,,,,,,,,,,,
Q1391,Open,Fashion,3,"Popularized by Audrey Hepburn, women’s shoes with short,slender heels are known as what?",Kitten Heels,June 2 26,14,Not Found,June 2 26,,,,,,,,,,,,,,,,,,,,,,
Q1392,Open,Film/TV,4,"Presumably named after the love of his life, “The Olive” is a boat belonging to what cartoon character?",Popeye,Not Found,Fresh,Not Found,Not Found,,,,,,,,,,,,,,,,,,,,,,
Q1393,Open,Pop Culture,,How many years did the marriage of Prince Charles and Princess Diana last until their official divorce in 1996?,15,Not Found,Fresh,Not Found,Not Found,,,,,,,,,,,,,,,,,,,,,,
Q1394,Open,Fashion,2,"Prized for its silk-producing abilities, the silkworm is the larva of what type of insect?",Moth,Not Found,Fresh,Not Found,Not Found,,,,,,,,,,,,,,,,,,,,,,
Q1395,Open,Food/Drink,,"Produced in France since 1849, Cointreau is a popular liquor with what distinctive flavor?",Orange,May 5 26,18,Not Found,May 5 26,,,,,,,,,,,,,,,,,,,,,,
Q1396,Open,High Art,,"Published in 1798,a well-known poem by Samuel Taylor Coleridge is titled “The Rime of the Ancient” what?",Mariner,Not Found,Fresh,Not Found,Not Found,,,,,,,,,,,,,,,,,,,,,,
Q1397,Open,US,5,Stephen King’s “11/22/63” is a time travel novel that centers around what event in history?,JFK Assassination,March 3 26,27,Not Found,March 3 26,,,,,,,,,,,,,,,,,,,,,,
Q1398,Open,STEM,2,Pyrogeography is the study of what natural phenoma?,Fire,Not Found,Fresh,Not Found,Not Found,,,,,,,,,,,,,,,,,,,,,,
Q1399,Open,STEM,4,Pyrophoric substances are so reactive that exposure to air causes them to spontaneously what?,Ignite,Not Found,Fresh,Not Found,Not Found,,,,,,,,,,,,,,,,,,,,,,
Q1400,Open,Religion/Myth,0,"In the Bible, whose height is given as “six cubits and a span,” somewhere between nine and twelve feet?",Goliath,Not Found,Fresh,Not Found,Not Found,,,,,,,,,,,,,,,,,,,,,,
Q1401,Open,Sports/Games,0,"In the board game Risk,what continent has the most territories for a player to occupy?",Asia,May 12 26,17,Not Found,May 12 26,,,,,,,,,,,,,,,,,,,,,,
Q1402,Open,Low Art,0,"In the children’s book “The Little Engine That Could”,what is the engine attempting to deliver?",Toys,Not Found,Fresh,Not Found,Not Found,,,,,,,,,,,,,,,,,,,,,,
Q1403,Open,Low Art,0,"In the children’s rhyme “This Little Piggy,” where did the first little piggy go?",To Market,Jan 21 26,33,Not Found,Jan 21 26,,,,,,,,,,,,,,,,,,,,,,
Q1404,Open,Low Art,0,"In the classic Shel Silverstein book “The Giving Tree,” what type of tree gives its fruit to a little boy?",Apple Tree,Not Found,Fresh,Not Found,Not Found,,,,,,,,,,,,,,,,,,,,,,
Q1405,Open,Low Art,0,"In the classic story “Peter Pan,” what does Wendy use to reattach Peter’s shadow?",Needle and Thread,March 17 26,25,Not Found,March 17 26,,,,,,,,,,,,,,,,,,,,,,
Q1406,Open,High Art,0,"In the classic tale “Moby Dick,” Moby Dick is what kind of whale?",Sperm Whale,March 24 26,24,Not Found,March 24 26,,,,,,,,,,,,,,,,,,,,,,
Q1407,Open,Film/TV,4,"In the classic TV special, Rudolph, the Red-Nosed Reindeer befriends an elf who wants to be a what?",Dentist,Not Found,Fresh,Not Found,Not Found,,,,,,,,,,,,,,,,,,,,,,
Q1408,Open,Sports/Games,0,"In the classic version of Monopoly, the two “utility companies” are Water Works and the what?",Electric Company,Not Found,Fresh,Aug 4 26,Not Found,,,,,,,,,,,,,,,,,,,,,,
Q1409,Open,Sports/Games,0,"In the classic version of Monopoly,the two “utility companies” are Electric Company and the what?",Water Works,Feb 3 26,31,Not Found,Feb 3 26,,,,,,,,,,,,,,,,,,,,,,
Q1410,Open,Film/TV,2,"In the climactic prom scene of the 1976 film “Carrie,” the title character is doused with the blood of what farm animal?",Pig,May 5 26,18,Not Found,May 5 26,,,,,,,,,,,,,,,,,,,,,,
Q1411,Open,Film/TV,3,"In the comedy classic “This is Spinal Tap,” the famous quote “These go to eleven” refers to what?",Guitar Amps,Not Found,Fresh,Not Found,Not Found,,,,,,,,,,,,,,,,,,,,,,
Q1412,Open,Film/TV,4,"In the Disney animated classic “Pinocchio,” what kind of animal swallows Pinocchio whole?",Whale,March 3 26,27,Not Found,March 3 26,,,,,,,,,,,,,,,,,,,,,,
Q1413,Open,Misc,0,What does the “b” stand for in BCC?,Blind,Jan 21 26,33,Not Found,Jan 21 26,,,,,,,,,,,,,,,,,,,,,,
Q1414,Open,Geography,0,"In the early 20th century, Robert Perry and Frederick Cook each claimed to be the first to what?",Reach the North Pole,Not Found,Fresh,Not Found,Not Found,,,,,,,,,,,,,,,,,,,,,,
Q1415,Open,Linguistics,0,"In the famous Latin saying “veni, vidi, vici,” what does “vidi” mean?",I Saw,March 3 26,27,Not Found,March 3 26,,,,,,,,,,,,,,,,,,,,,,
Q1416,Open,Food/Drink,0,How are the eggs in Eggs Benedict prepared?,Poached,Feb 10 26,30,Not Found,Feb 10 26,,,,,,,,,,,,,,,,,,,,,,
Q1417,Open,US,2,"In the federal organized crime law known as “RICO,” what does the R stand for?",Racketeer,March 3 26,27,Not Found,March 3 26,,,,,,,,,,,,,,,,,,,,,,
Q1418,Open,Biology/Zoology,3,The pericardium is a membrane that surrounds what organ?,Heart,Not Found,Fresh,Not Found,Not Found,,,,,,,,,,,,,,,,,,,,,,
Q1419,Open,Biology/Zoology,4,What internal organ regulates the amount of glucose in the blood?,Liver,Feb 3 26,31,Not Found,Feb 3 26,,,,,,,,,,,,,,,,,,,,,,
Q1420,Open,Biology/Zoology,2,"In the human body, a “bicuspid” can refer to a type of tooth and a type of valve located in what organ?",Heart,Not Found,Fresh,Not Found,Not Found,,,,,,,,,,,,,,,,,,,,,,
Q1421,Open,Biology/Zoology,2,The pancreas is part of both the endocrine system and what other system?,Digestive,Not Found,Fresh,Not Found,Not Found,,,,,,,,,,,,,,,,,,,,,,
Q1422,T/F,US,0,"True or False, In the iconic WW II poster, “We can Do it!” Rosie the Riveter is holding a wrench.","False, She's not holding anything!",Feb 3 26,31,Not Found,Feb 3 26,,,,,,,,,,,,,,,,,,,,,,
Q1423,Open,High Art,0,"In the Kurt Vonnegut novel “Breakfast of Champions,” what cocktail is referred to as the titular “breakfast of champions”?",Martinis,March 17 26,25,Not Found,March 17 26,,,,,,,,,,,,,,,,,,,,,,
Q1424,Open,Food/Drink,0,"In the late 1860s, Charles and Max Fleischmann created America’s first commercially produced what?",YEAST,Jan 21 26,33,Not Found,Jan 21 26,,,,,,,,,,,,,,,,,,,,,,
Q1425,Open,Food/Drink,0,"In the late ’90s,a Chihuahua named Gidget served as the “spokesdog” for what restaurant chain?",TACO BELL,Feb 10 26,30,Not Found,Feb 10 26,,,,,,,,,,,,,,,,,,,,,,
Q1426,Open,Food/Drink,0,"In the mid-twentieth century, what U.S. state grew about 80 percent of the world’s pineapples?",HAWAII,Not Found,Fresh,Not Found,Not Found,,,,,,,,,,,,,,,,,,,,,,
Q1427,Open,US,4,"In the military, a Huey is a type of what?",HELICOPTER,Not Found,Fresh,Not Found,Not Found,,,,,,,,,,,,,,,,,,,,,,
Q1428,Open,US,5,"In the US Military, a marine with the ranking “E-3” is better known as a “lance” what?",CORPORAL,Not Found,Fresh,Not Found,Not Found,,,,,,,,,,,,,,,,,,,,,,
Q1429,Open,Film/TV,5,"In the movie “Arthur,” what does Arthur say to elicit his butler’s famously dry response “I’ll alert the media”?",I’M GOING TO TAKE A BATH,Not Found,Fresh,Not Found,Not Found,,,,,,,,,,,,,,,,,,,,,,
Q1430,Open,Film/TV,3,"In the movie “Mean Girls,” a naive teen played by Lindsay Lohan tangles with a popular clique of girls nicknamed what?",THE PLASTICS,Not Found,Fresh,Not Found,Not Found,,,,,,,,,,,,,,,,,,,,,,
Q1431,Open,Film/TV,2,"In the movie “Snow White and the Seven Dwarfs,” how many of the dwarfs’ names do not end in “Y”?",2,Jan 21 26,33,Not Found,Jan 21 26,,,,,,,,,,,,,,,,,,,,,,
Q1432,Open,Film/TV,0,"In the movie “The Lord of the Rings: The Return of the King,” the “king” in the title refers to whom?",ARAGORN,Not Found,Fresh,Not Found,Not Found,,,,,,,,,,,,,,,,,,,,,,
Q1433,Open,Economics,0,"In the name of communications giant AT & T, the second “T” originally stood for what?",Telegraph,March 17 26,25,Not Found,March 17 26,,,,,,,,,,,,,,,,,,,,,,
Q1434,Open,US,3,"In the NATO phonetic alphabet that begins “Alpha,Bravo,Charlie,” how do you spell “USA”?","UNIFORM,SIERRA,ALPHA",Not Found,Fresh,Aug 4 26,Not Found,,,,,,,,,,,,,,,,,,,,,,
Q1435,Open,Film/TV,0,"In the novel “Twilight,” Edward and Bella attend Forks High School,located in what U.S. state?",WASHINGTON,May 12 26,17,Not Found,May 12 26,,,,,,,,,,,,,,,,,,,,,,
Q1436,Open,STEM,0,"In the number 4.231, what digit is in the “hundredths” place?",3,March 17 26,25,Not Found,March 17 26,,,,,,,,,,,,,,,,,,,,,,
Q1437,Open,Linguistics,0,"In the Olympics,a decathlon has how many more events than a triathlon?",7,Jan 21 26,33,Not Found,Jan 21 26,,,,,,,,,,,,,,,,,,,,,,
Q1438,Open,Linguistics,0,"In the phrases “bar mitzvah” and “bat mitzvah,” “bar” and “bat” are Hebrew words meaning what?",SON AND DAUGHTER,Not Found,Fresh,Not Found,Not Found,,,,,,,,,,,,,,,,,,,,,,
Q1439,Open,Food/Drink,0,"In the drink bubble tea, the little pearls or “boba” are typically made from what?",Tapioca,Feb 10 26,30,Not Found,Feb 10 26,,,,,,,,,,,,,,,,,,,,,,
Q1440,Open,Food/Drink,0,"During the quality inspection process known as “candling,” which of these foods is held in a bright light: Beef, Milk, Grapes, or Eggs?",Eggs,Feb 10 26,30,Not Found,Feb 10 26,,,,,,,,,,,,,,,,,,,,,,
Q1441,Open,Film/TV,0,"In the Schoolhouse Rock cartoon “Conjunction Function,” individual words are portrayed on what?",Train Cars,Not Found,Fresh,Not Found,Not Found,,,,,,,,,,,,,,,,,,,,,,
Q1442,Open,US,3,In the U.S. the federal appeals courts are divided into thirteen separate units called what?,Circuits,March 3 26,27,Not Found,March 3 26,,,,,,,,,,,,,,,,,,,,,,
Q1443,Open,Food/Drink,0,A bottled labeled “86 Proof” contains what percentage of alcohol?,43%,Not Found,Fresh,Not Found,Not Found,,,,,,,,,,,,,,,,,,,,,,
Q1444,Open,Fashion,2,The small front pocket on a pair of Levi’s blue jeans is known as the what?,Watch Pocket,Not Found,Fresh,Not Found,Not Found,,,,,,,,,,,,,,,,,,,,,,
Q1445,Open,Linguistics,0,"Commonly found in PA and IN, the Amish speak both English and a particular dialect of what European language?",German,Jan 21 26,33,Not Found,Jan 21 26,,,,,,,,,,,,,,,,,,,,,,
Q1446,Open,Food/Drink,0,"What liquor is required to be so distilled “as to be without distinctive character, aroma, taste or color”?",Vodka,Feb 10 26,30,Not Found,Feb 10 26,,,,,,,,,,,,,,,,,,,,,,
Q1447,Open,STEM,0,What term refers to the number 1 followed by 15 zeros?,Quadrillion,Not Found,Fresh,Not Found,Not Found,,,,,,,,,,,,,,,,,,,,,,
Q1448,Open,STEM,0,"In the acronym “laser,” the “L” stands for what?",Light,March 17 26,25,Not Found,March 17 26,,,,,,,,,,,,,,,,,,,,,,
Q1449,Open,STEM,0,"In the wireless phone abbreviation “5G,” the “G” stands for what?",Generation,Not Found,Fresh,Not Found,Not Found,,,,,,,,,,,,,,,,,,,,,,
Q1450,Open,Religion/Myth,0,"In the world of Greek mythology, where do the souls of the HEROIC deceased lie in eternal rest?",Elysium,Not Found,Fresh,Not Found,Not Found,,,,,,,,,,,,,,,,,,,,,,
Q1451,Open,Misc,0,"In the world of journalism,a piece designed to appeal to people’s emotions is often referred to as what type of “story”?",Human Interest,Not Found,Fresh,Not Found,Not Found,,,,,,,,,,,,,,,,,,,,,,
Q1452,Open,Food/Drink,0,"In the ’50s, the Swedish company Malaco debuted a line of soft, gummy candies shaped like what animals?",Fish,Jan 21 26,33,Not Found,Jan 21 26,,,,,,,,,,,,,,,,,,,,,,
Q1453,Open,Sports/Games,0,"What sport transitioned from traditional white balls to “optic yellow"" which were more visible to TV viewers?",Tennis,Jan 21 26,33,Not Found,Jan 21 26,,,,,,,,,,,,,,,,,,,,,,
Q1454,Open,Film/TV,0,"In the “Legally Blonde” movies,Elle Woods gets men’s attention using a signature move called what?",BEND AND SNAP,Not Found,Fresh,Not Found,Not Found,,,,,,,,,,,,,,,,,,,,,,
Q1455,Open,Film/TV,0,"In two Peanuts movies in the 80s, which member of the Black Eyed Peas voiced Sally, the blonde-haired sister of Charlie Brown?",Sally,Not Found,Fresh,Not Found,Not Found,,,,,,,,,,,,,,,,,,,,,,
Q1456,Open,Geography,0,In what body of water are the islands collectively known as the Grecian Archipelago found?,Aegean Sea,Not Found,Fresh,Not Found,Not Found,,,,,,,,,,,,,,,,,,,,,,
Q1457,Open,Linguistics,0,"In what country do people normally answer the phone by saying “Moshi, moshi”?",Japan,Not Found,Fresh,Not Found,Not Found,,,,,,,,,,,,,,,,,,,,,,
Q1458,Open,Buildings/Architecture,0,In what part of the house would you find treads and risers?,Staircase,Not Found,Fresh,Not Found,Not Found,,,,,,,,,,,,,,,,,,,,,,
Q1459,Open,US,5,"In what U.S. state does the U.S. own the highest percentage of land, over 80 percent?",Nevada,March 17 26,25,Not Found,March 17 26,,,,,,,,,,,,,,,,,,,,,,
Q1460,Open,US,3,What year did the U.S. celebrate its sesquicentennial?,1926,Jan 21 26,33,Not Found,Jan 21 26,,,,,,,,,,,,,,,,,,,,,,
Q1461,Open,Sports/Games,0,In which tabletop game is “spinning the rods” an illegal move?,Foosball,Not Found,Fresh,Not Found,Not Found,,,,,,,,,,,,,,,,,,,,,,
Q1462,Open,Food/Drink,0,"In which of these countries is it customary to eat using only the right hand: Ethiopia, Russia, or Indonesia?",Ethiopia,Feb 10 26,30,Not Found,Feb 10 26,,,,,,,,,,,,,,,,,,,,,,
Q1463,Open,World,0,What country is known for their “gauchos” riding horses across lowlands called “pampas” ?,Argentina,Not Found,Fresh,Not Found,Not Found,,,,,,,,,,,,,,,,,,,,,,
Q1464,Open,Sports/Games,0,In what sporting event is a victor often determined by means of a “split decision”?,Boxing,Not Found,Fresh,Not Found,Not Found,,,,,,,,,,,,,,,,,,,,,,
Q1465,Open,Sports/Games,0,In which sport would a player most likely use a “sky hook”?,Basketball,Not Found,Fresh,Not Found,Not Found,,,,,,,,,,,,,,,,,,,,,,
Q1466,Open,Sports/Games,0,"In Tennis, what is the term for when the serving player is ahead during Duece?",Advantage In,Not Found,Fresh,Not Found,Not Found,,,,,,,,,,,,,,,,,,,,,,
Q1467,Open,Fashion,3,A bodice is a garment specifically designed to cover what part of the body?,Torso,Not Found,Fresh,Not Found,Not Found,,,,,,,,,,,,,,,,,,,,,,
Q1468,Open,Film/TV,0,"In “Charlie and the Chocolate Factory,” the gum-chewing Violet Beauregarde turns into a giant what?",Blueberry,Not Found,Fresh,Not Found,Not Found,,,,,,,,,,,,,,,,,,,,,,
Q1469,Open,World,0,"According to legend,the ghosts of Anne Boleyn and Sir Walter Raleigh haunt what London landmark?",Tower of London,Not Found,Fresh,Not Found,Not Found,,,,,,,,,,,,,,,,,,,,,,
Q1470,Open,Film/TV,4,"According to Legend,what Looney Tunes character was born in a warren under the old Dodgers stadium in Brooklyn?",Bugs Bunny,Not Found,Fresh,Not Found,Not Found,,,,,,,,,,,,,,,,,,,,,,
Q1471,Open,Religion/Myth,0,"According to myth,what country’s capital was founded by the twins Romulus and Remus?",Italy,Not Found,Fresh,Not Found,Not Found,,,,,,,,,,,,,,,,,,,,,,
Q1472,Open,Religion/Myth,0,"According to the Catholic Church,what was the name of the very first Pope?",Peter,Not Found,Fresh,Not Found,Not Found,,,,,,,,,,,,,,,,,,,,,,
Q1473,Open,US,3,"Along with being first in line for the presidency, the U.S. vice president also serves as the what?",President Pro Tempore of the Senate,Not Found,Fresh,Not Found,Not Found,,,,,,,,,,,,,,,,,,,,,,
Q1474,Open,US,4,A U.S. senator elected in 2026 will be up for reelection in what year?,2032,Not Found,Fresh,Not Found,Not Found,,,,,,,,,,,,,,,,,,,,,,
Q1475,Open,US,2,"According to the Dept. of Education, more degrees are earned in what undergraduate major than in any other?",Business,Not Found,Fresh,Not Found,Not Found,,,,,,,,,,,,,,,,,,,,,,
Q1476,Open,STEM,0,"According to the National Severe Storms Laboratory, is a Cloud to Ground lightning bolt thicker or thinner than 1 centimeter?",Thicker (~2 cm),Jan 21 26,33,Not Found,Jan 21 26,,,,,,,,,,,,,,,,,,,,,,
Q1477,Open,US,0,"According to the results of the 2020 Census,what is the approximate population of the United States?",330 Million,Not Found,Fresh,Not Found,Not Found,,,,,,,,,,,,,,,,,,,,,,
Q1478,Open,Geography,0,"According to the U.S. State Dept,127 of the world’s 193 countries have what word in their names?",Republic,Not Found,Fresh,Not Found,Not Found,,,,,,,,,,,,,,,,,,,,,,
Q1479,Open,Geography,0,"Actually a combination of three tunnels,the so-called “Chunnel” runs underwater from England to what country?",France,Not Found,Fresh,Not Found,Not Found,,,,,,,,,,,,,,,,,,,,,,
Q1480,Open,Misc,0,What honorary title is often given to a professor after they retire,Emeritus,Not Found,Fresh,Not Found,Not Found,,,,,,,,,,,,,,,,,,,,,,
Q1481,Open,Misc,0,"Aibohphobia, which reads the same way forwards and backwards,is the fear of what?",Palindromes,Not Found,Fresh,Not Found,Not Found,,,,,,,,,,,,,,,,,,,,,,
Q1482,Open,Geography,0,Albany and New York City are two major ports on what river?,Hudson,March 3 26,27,Not Found,March 3 26,,,,,,,,,,,,,,,,,,,,,,
Q1483,Open,Linguistics,0,"Also called a “serial” comma,the optional comma placed before the “and” at the end of a written list is called a what?",Oxford Comma,Not Found,Fresh,Not Found,Not Found,,,,,,,,,,,,,,,,,,,,,,
Q1484,Open,Music,0,Also called a “tremolo arm” what guitar part is used to rapidly affect the pitch while playing?,Whammy Bar,July 14 26,8,Not Found,July 14 26,,,,,,,,,,,,,,,,,,,,,,
Q1485,Open,Geology,0,An 18-karat gold bracelet is what percent gold?,75%,Jan 21 26,33,Not Found,Jan 21 26,,,,,,,,,,,,,,,,,,,,,,
Q1486,Open,STEM,0,An abbreviation of the term “hypertext transfer protocol” typically appears at the beginning of a what?,Web Address/URL,Not Found,Fresh,Not Found,Not Found,,,,,,,,,,,,,,,,,,,,,,
Q1487,Open,Biology/Zoology,3,An apiculturist does what for a living?,Keeps Bees,March 3 26,27,Not Found,March 3 26,,,,,,,,,,,,,,,,,,,,,,
Q1488,Open,Geology,0,An earthquake measuring 7.0 on the Richter scale is how many times greater in magnitude than one measuring 5.0?,100,Not Found,Fresh,Not Found,Not Found,,,,,,,,,,,,,,,,,,,,,,
Q1489,Open,Biology/Zoology,4,An elephant’s tusks correspond to what type of teeth on a human?,Incisors,June 2 26,14,Not Found,June 2 26,,,,,,,,,,,,,,,,,,,,,,
Q1490,Open,Food/Drink,0,"An English specialty,shepherd’s pie consists of meat baked in a “crust” made from what hearty side dish?",Mashed Potatoes,Feb 10 26,30,Not Found,Feb 10 26,,,,,,,,,,,,,,,,,,,,,,
Q1491,Open,Biology/Zoology,5,"An interrosseus part of the human body is, by definition, an area that is situated between two what?",Bones,Not Found,Fresh,Not Found,Not Found,,,,,,,,,,,,,,,,,,,,,,
Q1492,Open,Buildings/Architecture,0,An observation platform is called a crow’s nest and is traditionally found at the top of a what?,Boat,Not Found,Fresh,Not Found,Not Found,,,,,,,,,,,,,,,,,,,,,,
Q1493,Open,Linguistics,0,Anyone who has read “Wuthering Heights” should know that the word “wuthering” means what?,Windy,March 3 26,27,Not Found,March 3 26,,,,,,,,,,,,,,,,,,,,,,
Q1494,Open,Linguistics,0,"Appearing at the end of many country names, the suffix “-stan” originates from what language?",Persian,Not Found,Fresh,Not Found,Not Found,,,,,,,,,,,,,,,,,,,,,,
Q1495,Open,Space,0,"Appearing in autumn,the harvest moon is one of about how many full moons that occur each year?",12,Not Found,Fresh,Not Found,Not Found,,,,,,,,,,,,,,,,,,,,,,
Q1496,Open,Linguistics,0,"Appropriately,the Spanish word for heaven,”cielo,” is also the word for what?",Sky,Not Found,Fresh,Not Found,Not Found,,,,,,,,,,,,,,,,,,,,,,
Q1497,Open,US,0,"April 12, 2011, marked the 150th anniversary of what event in U.S. history?",Start of the Civil War,Not Found,Fresh,Not Found,Not Found,,,,,,,,,,,,,,,,,,,,,,
Q1498,Open,US,0,"Armistice Day, which later became Veterans Day, originally commemorated the end of what war?",WWI,Not Found,Fresh,Not Found,Not Found,,,,,,,,,,,,,,,,,,,,,,
Q1499,Open,Misc,0,"As a handy rhyme tells us, how many months have 31 days?",7,Jan 21 26,33,Not Found,Jan 21 26,,,,,,,,,,,,,,,,,,,,,,
Q1500,Open,Low Art,0,"As a practitioner of “kinetic sculpture,” artist Alexander Calder pioneered what newborn-friendly art form?",Mobiles,Not Found,Fresh,Aug 4 26,Not Found,,,,,,,,,,,,,,,,,,,,,,
Q1502,Open,World,0,"In 1909 the city of Tokyo donated to the United States 2,000 what?",Cherry Trees,March 17 26,25,Not Found,March 17 26,,,,,,,,,,,,,,,,,,,,,,
Q1503,Open,Food/Drink,0,"As any foodie can tell you, a geoduck is a type of what?",Clam,Feb 10 26,30,Not Found,Feb 10 26,,,,,,,,,,,,,,,,,,,,,,
Q1504,Open,Food/Drink,0,"The two succulent bits of meat on the back of a chicken, just above the thigh, are called what?",Oysters,Feb 10 26,30,Not Found,Feb 10 26,,,,,,,,,,,,,,,,,,,,,,
Q1505,Open,Food/Drink,0,"As compared to “regular” limes, key limes are typically what?",Smaller in Size,Jan 21 26,33,Not Found,Jan 21 26,,,,,,,,,,,,,,,,,,,,,,
Q1506,Open,Sports/Games,0,"As demonstrated in the name of the 2026 Super Bowl, how is “60” expressed in Roman numerals?",LX,Jan 21 26,33,Not Found,Jan 21 26,,,,,,,,,,,,,,,,,,,,,,
Q1507,Open,Food/Drink,0,"As it is technically a legume,which “nut” grows in pods underground rather than on trees?",Peanut,June 2 26,14,Not Found,June 2 26,,,,,,,,,,,,,,,,,,,,,,
Q1508,Open,Linguistics,0,"As Mario and Luigi could tell you, ”idraulico” is the Italian word for what professional?",Plumber,Not Found,Fresh,Not Found,Not Found,,,,,,,,,,,,,,,,,,,,,,
Q1509,Open,Religion/Myth,0,Lent traditionally lasts how long?,40 Days,Not Found,Fresh,Not Found,Not Found,,,,,,,,,,,,,,,,,,,,,,
Q1510,Open,US,0,Is a nickel more or less than 1.5 millimeters thick?,More,July 7 26,9,Not Found,July 7 26,,,,,,,,,,,,,,,,,,,,,,
Q1511,Open,Poorly Described Movie,4,"What 2001 film can be poorly described as, ""A disgruntled jewler enlists a jealous old magician and nine spooky ghouls to entrap young men and steal their valuables""?",The Fellowship of the Ring,Not Found,Fresh,Not Found,Not Found,,,,,,,,,,,,,,,,,,,,,,
Q1512,Open,Poorly Described Movie,4,"What 2009 film can be poorly described as, ""A white colonist learns about the value of native culture and trees so he decides to fight back against his colonial masters"" ?",Avatar,Not Found,Fresh,Not Found,Not Found,,,,,,,,,,,,,,,,,,,,,,
Q1513,Open,Biology/Zoology,3,When do diurnal animals sleep?,Night time,Not Found,Fresh,Not Found,Not Found,,,,,,,,,,,,,,,,,,,,,,
Q1515,Open,Food/Drink,4,What fruits are sorted for ripeness by bouncing them?,Cranberries,Feb 10 26,30,Not Found,Feb 10 26,,,,,,,,,,,,,,,,,,,,,,
Q1516,Open,Sports/Games,5,In the game of cricket which bird name means scoring no runs?,Duck ,March 3 26,27,Not Found,March 3 26,,,,,,,,,,,,,,,,,,,,,,
Q1517,Open,High Art,5,What type of art is raku?,Japanese pottery,Not Found,Fresh,Not Found,Not Found,,,,,,,,,,,,,,,,,,,,,,
Q1518,Open,Misc,2,How many years is a silver anniversary?,25 years,Not Found,Fresh,Not Found,Not Found,,,,,,,,,,,,,,,,,,,,,,
Q1519,Open,Biology/Zoology,5,What mammal is virtually exterminated from the entire province of Alberta?,Rat,March 24 26,24,Not Found,March 24 26,,,,,,,,,,,,,,,,,,,,,,
Q1520,Open,STEM,3,Sound Navigation Ranging is better known as _________.,Sonar,Not Found,Fresh,Not Found,Not Found,,,,,,,,,,,,,,,,,,,,,,
Q1521,Open,STEM,4,What German scientist was the first person to prove that planets move in elliptical orbits,Kepler,July 7 26,9,Not Found,July 7 26,,,,,,,,,,,,,,,,,,,,,,
Q1522,Open,Sports/Games,4,"The term ""Aficionado"" originally referred to fans of what Spanish bloodsport?",Bullfighting,March 3 26,27,Not Found,March 3 26,,,,,,,,,,,,,,,,,,,,,,
Q1523,T/F,Biology/Zoology,4,"Does an elephant have more or fewer than 10,000 muscles in its trunk","More, 40,000",Not Found,Fresh,Not Found,Not Found,,,,,,,,,,,,,,,,,,,,,,
Q1524,Open,STEM,4,Which chemical element has the atomic number 4?,Berylium,June 2 26,14,Not Found,June 2 26,,,,,,,,,,,,,,,,,,,,,,
Q1525,Open,Sports/Games,4,"On a western horseback riding saddle, what is the protusion on the front of a saddle where you can tie a rope called?",Horn,March 17 26,25,Not Found,March 17 26,,,,,,,,,,,,,,,,,,,,,,
Q1526,Open,Biology/Zoology,5,What are young rabbits called?,Kittens,May 12 26,17,Not Found,May 12 26,,,,,,,,,,,,,,,,,,,,,,
Q1527,Open,Linguistics,3,What is the plural form of the word mongoose?,Mongooses,March 17 26,25,Not Found,March 17 26,,,,,,,,,,,,,,,,,,,,,,
Q1528,Open,Sports/Games,3,What are the colours of the Olympics rings?,Blue Yellow Black Green Red,Feb 3 26,31,Not Found,Feb 3 26,,,,,,,,,,,,,,,,,,,,,,
Q1529,Open,Sports/Games,4,How many suits are there In Mahjong?,3 Suits ,Not Found,Fresh,Not Found,Not Found,,,,,,,,,,,,,,,,,,,,,,
Q1530,Open,Sports/Games,4,A Silver Fern is the emblem of which island nation's Rugby Union team? ,New Zealand - The All Blacks,Not Found,Fresh,Not Found,Not Found,,,,,,,,,,,,,,,,,,,,,,
Q1531,Open,STEM,5,What is the Latin word for the extremely useful liquid produced by the Ficus Elastica?,Latex,March 3 26,27,Not Found,March 3 26,,,,,,,,,,,,,,,,,,,,,,
Q1532,Multi,Sports/Games,3,"In the original Pac Man, which fruit was worth the most points: Apple, Banana, or Orange?",Apple,March 3 26,27,Not Found,March 3 26,,,,,,,,,,,,,,,,,,,,,,
Q1533,Open,STEM,2,What unit is a boat's speed measured in?,Knots,Not Found,Fresh,Not Found,Not Found,,,,,,,,,,,,,,,,,,,,,,
Q1534,Open,Food/Drink,3,"Which country drinks the most Beer per capita: Germany, Poland, Denmark, or Czech Republic?",Czech Republic,Feb 10 26,30,Not Found,Feb 10 26,,,,,,,,,,,,,,,,,,,,,,
Q1535,Open,Linguistics,2,What crime has a person committed if they have been convicted of Regicide?,Killing The King,Not Found,Fresh,Not Found,Not Found,,,,,,,,,,,,,,,,,,,,,,
Q1536,Open,Sports/Games,4,How many tiles does one person have at a time in Scrabble?,7,Jan 21 26,33,Not Found,Jan 21 26,,,,,,,,,,,,,,,,,,,,,,
Q1537,Open,Film/TV,4,Who won the Best Actress Oscar in 1987 for her role in Moonstruck?,Cher,Not Found,Fresh,Not Found,Not Found,,,,,,,,,,,,,,,,,,,,,,
Q1538,Open,Religion/Myth,2,"Name the female version of the Jewish Bar Mitzvah, celebrating a girl reaching the age of thirteen",Bat mitzvah,Not Found,Fresh,Not Found,Not Found,,,,,,,,,,,,,,,,,,,,,,
Q1539,Open,Film/TV,2,"Which Looney Toons Character ends each episode with his signature phrase ""That's All Folks""?",Porky Pig,Not Found,Fresh,Not Found,Not Found,,,,,,,,,,,,,,,,,,,,,,
Q1540,Open,Linguistics,4,"Which forename, deriving from the Germanic 'rulehard', has been held by three English kings?",Richard,Not Found,Fresh,Not Found,Not Found,,,,,,,,,,,,,,,,,,,,,,
Q1541,Open,Linguistics,5,What Is Nosocomephobia The Fear Of?,Hospitals,Not Found,Fresh,Not Found,Not Found,,,,,,,,,,,,,,,,,,,,,,
Q1542,T/F,STEM,3,"True or False, the first personal computer went on sale AFTER 1975?","True, 1977",Not Found,Fresh,Not Found,Not Found,,,,,,,,,,,,,,,,,,,,,,
Q1543,Open,Linguistics,2,What is the meaning of the name of the constellation Ursa Minor ?,Little Bear,June 2 26,14,Not Found,June 2 26,,,,,,,,,,,,,,,,,,,,,,
Q1544,Open,Linguistics,4,What is the fear of suffering and disease known as?,Panthophobia,Not Found,Fresh,Not Found,Not Found,,,,,,,,,,,,,,,,,,,,,,
Q1545,Open,US,4,The bridge connecting Boston & Cambridge via Massachusetts Avenue is commonly know as the ______?,Harvard bridge,Not Found,Fresh,Not Found,Not Found,,,,,,,,,,,,,,,,,,,,,,
Q1546,Open,Biology/Zoology,3,The chameleon has a tongue that is 1.5 times the length of its __________?,Body,Feb 3 26,31,Not Found,Feb 3 26,,,,,,,,,,,,,,,,,,,,,,
Q1547,Open,STEM,5,Which chemical element does the symbol 'AT' represent?,Astatine,Not Found,Fresh,Not Found,Not Found,,,,,,,,,,,,,,,,,,,,,,
Q1548,Open,Geology,3,What is the term for limestone deposits that rise from the floor of caves?,Stalagmites,May 5 26,18,Not Found,May 5 26,,,,,,,,,,,,,,,,,,,,,,
Q1549,Open,Geology,3,What is the term for limestone deposits that form on the ceilings of caves?,Stalactites,Not Found,Fresh,Not Found,Not Found,,,,,,,,,,,,,,,,,,,,,,
Q1550,Open,STEM,2,In what household appliance would you be most likely to find a Cathode Ray Tube?,Television,March 17 26,25,Not Found,March 17 26,,,,,,,,,,,,,,,,,,,,,,
Q1551,Open,STEM,1,What Is The Most Common Element In The Universe ?,Hydrogen ,Not Found,Fresh,Not Found,Not Found,,,,,,,,,,,,,,,,,,,,,,
Q1552,Open,Pop Culture,3,What was the name of the party dog that that was Budwiser's mascot in the late eighties?,Spuds McKenzie,Not Found,Fresh,Not Found,Not Found,,,,,,,,,,,,,,,,,,,,,,
Q1553,Open,STEM,2,What is the name in a planet's orbit when it is nearest to the sun,Perihelion,Not Found,Fresh,Not Found,Not Found,,,,,,,,,,,,,,,,,,,,,,
Q1554,Open,World,4,"Which Athenian philosopher famously never wrote, considering it to be bad for the memory?",Socrates,Feb 3 26,31,Not Found,Feb 3 26,,,,,,,,,,,,,,,,,,,,,,
Q1555,Open,STEM,2,During what month is the shortest day in the southern hemisphere?,June,Not Found,Fresh,Not Found,Not Found,,,,,,,,,,,,,,,,,,,,,,
Q1556,Open,World,1,What is the Capital of: Sweden,Stockholm,Not Found,Fresh,Not Found,Not Found,,,,,,,,,,,,,,,,,,,,,,
Q1557,Open,STEM,3,What is rayon or modal fabric primarily made from?,Wood pulp,Not Found,Fresh,Not Found,Not Found,,,,,,,,,,,,,,,,,,,,,,
Q1558,Open,World,5,Which is the longest river system in Australia?,The murray-darling,Not Found,Fresh,Not Found,Not Found,,,,,,,,,,,,,,,,,,,,,,
Q1559,Open,Linguistics,2,A person with a strong desire to steal is a(n) ________.,Kleptomaniac,July 7 26,9,Not Found,July 7 26,,,,,,,,,,,,,,,,,,,,,,
Q1560,Open,US,2,What is the capital of Nebraska?,Lincoln,Not Found,Fresh,Not Found,Not Found,,,,,,,,,,,,,,,,,,,,,,
Q1561,Open,World,4,"The longest suspension bridge in Europe is the Great Belt Bridge, what country is it in?",Denmark,June 9 26,13,Not Found,June 9 26,,,,,,,,,,,,,,,,,,,,,,
Q1562,Open,Space,3,Aleksei Leanov was the first human to accomplish what otherwordly feat?,Space walk,Not Found,Fresh,Not Found,Not Found,,,,,,,,,,,,,,,,,,,,,,
Q1563,Open,Food/Drink,4,"Not to be confused with spatchcock, which creature might be split and grilled or fried in a manner known as spitchcock? ",Eel ,Not Found,Fresh,Not Found,Not Found,,,,,,,,,,,,,,,,,,,,,,
Q1564,Open,High Art,4,"In Shakespeare's play, The Taming of the Shrew, who tamed the shrew",Petruchio,May 5 26,18,Not Found,May 5 26,,,,,,,,,,,,,,,,,,,,,,
Q1565,Open,Space,2,What do the initials U.F.O stand for?,Unidentified Flying Object,Not Found,Fresh,Not Found,Not Found,,,,,,,,,,,,,,,,,,,,,,
Q1566,Open,World,4,During Which War Did The Charge Of The Light Brigade Occur? ,Crimean ,Not Found,Fresh,Not Found,Not Found,,,,,,,,,,,,,,,,,,,,,,
Q1567,Open,Sports/Games,3,Which Chess Piece Always Remains On The Same Colour Square ,The Bishop ,May 5 26,18,Not Found,May 5 26,,,,,,,,,,,,,,,,,,,,,,
Q1568,Open,Religion/Myth,5,Jocasta was the wife of Laius and the mother of who,Oedipus,Not Found,Fresh,Not Found,Not Found,,,,,,,,,,,,,,,,,,,,,,
Q1569,Open,Film/TV,4,"Minilla is a giant green monster and he has a larger, greener friend. Who is he?",Godzilla,March 17 26,25,Not Found,March 17 26,,,,,,,,,,,,,,,,,,,,,,
Q1570,Open,Food/Drink,3,"On an Indian menu, Aloo is what type of food?",Potato,Not Found,Fresh,Not Found,Not Found,,,,,,,,,,,,,,,,,,,,,,
Q1571,Open,Pop Culture,4,What was the first single released on the Apple record label?,"Hey Jude""/Revolution",Not Found,Fresh,Not Found,Not Found,,,,,,,,,,,,,,,,,,,,,,
Q1572,Open,Space,3,What is the sixth planet from our sun?,Saturn,Feb 3 26,31,Not Found,Feb 3 26,,,,,,,,,,,,,,,,,,,,,,
Q1573,Open,Music,3,How is a zither played?,Plucked,Not Found,Fresh,Not Found,Not Found,,,,,,,,,,,,,,,,,,,,,,
Q1574,Open,World,,In which country is the world's largest National Park?,Greenland,Feb 3 26,31,Not Found,Feb 3 26,,,,,,,,,,,,,,,,,,,,,,
Q1575,Open,Food/Drink,,What is the flavour of the liqueur Kahlua? ,Coffee ,Not Found,Fresh,Not Found,Not Found,,,,,,,,,,,,,,,,,,,,,,
Q1576,Open,Pop Culture,,Which fictional city is Superman's home,Metropolis,June 2 26,14,Not Found,June 2 26,,,,,,,,,,,,,,,,,,,,,,
Q1577,Open,World,,What is the capital of Latvia,Riga,Not Found,Fresh,Not Found,Not Found,,,,,,,,,,,,,,,,,,,,,,
Q1578,Open,World,,What country code or Top Level Domain name is used for Irish websites?,.ie,March 17 26,25,Not Found,March 17 26,,,,,,,,,,,,,,,,,,,,,,
Q1579,Open,Geology,,What is the most abundant metal on Earth?,Aluminium ,March 3 26,27,Not Found,March 3 26,,,,,,,,,,,,,,,,,,,,,,
Q1580,Open,STEM,,What is the acronym for an image produced by aligning molecular crystals,Lcd,Not Found,Fresh,Not Found,Not Found,,,,,,,,,,,,,,,,,,,,,,
Q1581,Open,Food/Drink,,Test,Test,Not Found,Fresh,Not Found,Not Found,,,,,,,,,,,,,,,,,,,,,,
Q1582,Open,Biology/Zoology,,"If a bird is ""nidifying"" what is it doing?",Building a Nest,Feb 3 26,31,Not Found,Feb 3 26,,,,,,,,,,,,,,,,,,,,,,
Q1583,Open,US,,On the 3rd January 1959 which state became America's 49th?,Alaska ,8/4/2026,5,Aug 4 26,Not Found,,,,,,,,,,,,,,,,,,,,,,
Q1584,Open,Food/Drink,,Which is the most eaten fruit in the world? ,Banana ,Not Found,Fresh,Not Found,Not Found,,,,,,,,,,,,,,,,,,,,,,
Q1585,Open,Food/Drink,,Chinese bean sprouts are usually the sprouts of which bean?,Mung bean,Not Found,Fresh,Not Found,Not Found,,,,,,,,,,,,,,,,,,,,,,
Q1586,Open,Biology/Zoology,,Do trees grow more quickly or slowly at night?,More slowly,Not Found,Fresh,Not Found,Not Found,,,,,,,,,,,,,,,,,,,,,,
Q1587,Open,Food/Drink,,What is a 'kartoffel' in germany,Potato,Not Found,Fresh,Not Found,Not Found,,,,,,,,,,,,,,,,,,,,,,
Q1588,Open,STEM,,What is it that turns blue litmus paper red?,Acid,Not Found,Fresh,Not Found,Not Found,,,,,,,,,,,,,,,,,,,,,,
Q1589,Open,STEM,,What does the abbreviation USB stand for ?,Universal Serial Bus ,March 3 26,27,Not Found,March 3 26,,,,,,,,,,,,,,,,,,,,,,
Q1590,Open,World,,What is the capital of Lithuania ?,Vilnius,Not Found,Fresh,Not Found,Not Found,,,,,,,,,,,,,,,,,,,,,,
Q1591,Open,Food/Drink,,"Vodka, orange juice and Galliano make up which type of cocktail ",Harvey Wallbanger ,Not Found,Fresh,Not Found,Not Found,,,,,,,,,,,,,,,,,,,,,,
Q1592,Open,World,,Can you give me TWO former names of Istanbul? ,"Constantinople, Byzantium ",Not Found,Fresh,Not Found,Not Found,,,,,,,,,,,,,,,,,,,,,,
Q1593,Open,Biology/Zoology,,"On average, which is bigger- a Crow or a Raven?",Raven,March 3 26,27,Not Found,March 3 26,,,,,,,,,,,,,,,,,,,,,,
Q1594,Open,Sports/Games,,What color is the 1-up mushroom in Super Mario Bros.?,Green,March 3 26,27,Not Found,March 3 26,,,,,,,,,,,,,,,,,,,,,,
Q1595,Open,STEM,,What chemical symbol is used for the element actinium,Ac,Not Found,Fresh,Not Found,Not Found,,,,,,,,,,,,,,,,,,,,,,
Q1596,Open,STEM,,What word for taking tissue for microscopic examination was coined by French dermatologists in 1879,Biopsy,March 3 26,27,Not Found,March 3 26,,,,,,,,,,,,,,,,,,,,,,
Q1597,Open,Sports/Games,,There are 42 of what in a standard deck of cards (excluding jokers)?,Eyes,Feb 3 26,31,Not Found,Feb 3 26,,,,,,,,,,,,,,,,,,,,,,
Q1598,,Religion/Myth,5,"The Millennial Dawnists were a religious movement who eventually changed their name to become what modern day group (known for their ""Watchtower"" publication)?",Jehovah's Witnesses,Not Found,Fresh,Not Found,Not Found,,,,,,,,,,,,,,,,,,,,,,
Q1599,,Sports/Games,0,What Year was the first super bowl played? ,1967,March 3 26,27,Not Found,March 3 26,,,,,,,,,,,,,,,,,,,,,,
Q1600,Open,World,0,"In traditional Irish weddings, brides dressed in what color to symbolize Purity?",Blue,March 17 26,25,Not Found,March 17 26,,,,,,,,,,,,,,,,,,,,,,
Q1601,,Religion/Myth,0,"According to folklore, what’s a leprechaun’s occupation?",Shoemaker,March 17 26,25,Not Found,March 17 26,,,,,,,,,,,,,,,,,,,,,,
Q1602,,Poorly Described Movie,0,What 2026 academy award winning film can be poorly described as: Two brothers start a band and accidentally get involved in supernatural problems.,Sinners,Not Found,Fresh,Not Found,Not Found,,,,,,,,,,,,,,,,,,,,,,
Q1603,,Biology/Zoology,0,What is the largest species of shark?,Whale Shark,March 24 26,24,Not Found,March 24 26,,,,,,,,,,,,,,,,,,,,,,
Q1604,,Biology/Zoology,0,What is a baby Kangaroo called?,Joey,Not Found,Fresh,Not Found,Not Found,,,,,,,,,,,,,,,,,,,,,,
Q1605,,Biology/Zoology,0,True or False: Camels store water in their humps.,FALSE,March 17 26,25,Not Found,March 17 26,,,,,,,,,,,,,,,,,,,,,,
Q1606,,Biology/Zoology,0,True or False: a Mountain Goat is a true Goat,FALSE,March 17 26,25,Not Found,March 17 26,,,,,,,,,,,,,,,,,,,,,,
Q1607,,Biology/Zoology,0,"How many hearts does an octopus have: 1, 3, or 8?",3,March 17 26,25,Not Found,March 17 26,,,,,,,,,,,,,,,,,,,,,,
Q1608,,Biology/Zoology,0,What animal's teeth were used as knife blades?,Beaver,Not Found,Fresh,Not Found,Not Found,,,,,,,,,,,,,,,,,,,,,,
Q1609,,Biology/Zoology,0,What do you call a young rooster?,Cockerel,Not Found,Fresh,Not Found,Not Found,,,,,,,,,,,,,,,,,,,,,,
Q1610,,Biology/Zoology,0,"Which animal nearly always gives birth to indentical quadruplets? Anteater, Sloth, or Armadillo?",Armadillo,March 24 26,24,Not Found,March 24 26,,,,,,,,,,,,,,,,,,,,,,
Q1611,,Biology/Zoology,0,How many toes TOTAL does a two-toed sloth have?,10,March 24 26,24,Not Found,March 24 26,,,,,,,,,,,,,,,,,,,,,,
Q1612,,Biology/Zoology,0,What is the term for a young female horse?,Filly,March 24 26,24,Not Found,March 24 26,,,,,,,,,,,,,,,,,,,,,,
Q1613,,Biology/Zoology,0,"True or False, Lions cannot Purr.",TRUE,March 24 26,24,Not Found,March 24 26,,,,,,,,,,,,,,,,,,,,,,
Q1614,,Biology/Zoology,0,"True or False, Wild African Elephants sleep standing up.",TRUE,March 24 26,24,Not Found,March 24 26,,,,,,,,,,,,,,,,,,,,,,
Q1615,,Biology/Zoology,0,What bird is associated with delivering babies?,Stork,March 24 26,24,Not Found,March 24 26,,,,,,,,,,,,,,,,,,,,,,
Q1616,,Biology/Zoology,0,What distinguishes Monotremes from other mammals?,Laying Eggs,March 24 26,24,Not Found,March 24 26,,,,,,,,,,,,,,,,,,,,,,
Q1617,,Biology/Zoology,0,Toys r Us features what kind of animal as its mascot?,Giraffe,March 24 26,24,Not Found,March 24 26,,,,,,,,,,,,,,,,,,,,,,
Q1618,,Biology/Zoology,0,"True or False, Weasels and Ermines are different Animals.",FALSE,March 17 26,25,Not Found,March 17 26,,,,,,,,,,,,,,,,,,,,,,
Q1619,,Biology/Zoology,0,"True or False, every Tiger has a unique stripe pattern. ",TRUE,March 24 26,24,Not Found,March 24 26,,,,,,,,,,,,,,,,,,,,,,
Q1620,,Biology/Zoology,0,"What animal does not appear in George Orwell's Animal Farm: Duck, Donkey, or Goat?",Duck,March 24 26,24,Not Found,March 24 26,,,,,,,,,,,,,,,,,,,,,,
Q1621,,Biology/Zoology,0,"True or False, the Green Sea Turtle is named for the color of its shell.",FALSE,March 17 26,25,Not Found,March 17 26,,,,,,,,,,,,,,,,,,,,,,
Q1622,,Biology/Zoology,0,What is the term for a group of cats?,Chowder,March 24 26,24,Not Found,March 24 26,,,,,,,,,,,,,,,,,,,,,,
Q1623,,Film/TV,,"What is Donald Draper's ""Real Name""?",Dick Whitman,April 14 26,21,Not Found,April 14 26,,,,,,,,,,,,,,,,,,,,,,
Q1624,,Film/TV,,What alias does Walter White use when operating as a drug kingpin?,Heisenberg,April 14 26,21,Not Found,April 14 26,,,,,,,,,,,,,,,,,,,,,,
Q1625,,Film/TV,,"What color is Walter White's ""99% Pure"" Methamphetamine?",Blue,March 17 26,25,Not Found,March 17 26,,,,,,,,,,,,,,,,,,,,,,
Q1626,,Film/TV,,What 1996 film inspired a time-hopping TV Series set in the frigid Northern Midwest?,Fargo,April 14 26,21,Not Found,April 14 26,,,,,,,,,,,,,,,,,,,,,,
Q1627,,Film/TV,,How many Housewives make up the central cast in Desperate Housewives? ,4,May 12 26,17,Not Found,May 12 26,,,,,,,,,,,,,,,,,,,,,,
Q1628,,Film/TV,,Where did Oceanic Flight 815 depart from in L O S T?,Sydney Australia,Not Found,Fresh,Not Found,Not Found,,,,,,,,,,,,,,,,,,,,,,
Q1629,,Film/TV,,"True or False, The US Version of Survivor is the OLDEST",FALSE,March 17 26,25,Not Found,March 17 26,,,,,,,,,,,,,,,,,,,,,,
Q1630,,Film/TV,,How many seasons have aired of Survivor US?,50,April 14 26,21,Not Found,April 14 26,,,,,,,,,,,,,,,,,,,,,,
Q1631,,Film/TV,,Who is the host of CBS' Big Brother?,Ms. Julie Chen Moonves,Not Found,Fresh,Not Found,Not Found,,,,,,,,,,,,,,,,,,,,,,
Q1632,,Film/TV,,What non-renewable resource does Hank Hill sell in King of the Hill?,Propane (and Propane Accessories),April 14 26,21,Not Found,April 14 26,,,,,,,,,,,,,,,,,,,,,,
Q1633,,Film/TV,,What crime lands Piper in prison in Orange is the New Black?,Drug Trafficking/Money Laundering,Not Found,Fresh,Not Found,Not Found,,,,,,,,,,,,,,,,,,,,,,
Q1634,,Film/TV,,"Which is older, Traitors UK or Traitors US?",UK,Not Found,Fresh,Not Found,Not Found,,,,,,,,,,,,,,,,,,,,,,
Q1635,,Film/TV,,Name one of the two cities where the Heated Rivalry stars play?,Montreal OR Boston,April 14 26,21,Not Found,April 14 26,,,,,,,,,,,,,,,,,,,,,,
Q1636,,Film/TV,,"What do the letters in SUR, Lisa Vanderpump's Iconic Bar and Lounge, stand for?",Sexy Unique Restaurant,April 14 26,21,Not Found,April 14 26,,,,,,,,,,,,,,,,,,,,,,
Q1637,,Film/TV,,Who is the gruff but beloved captain featured on the first 10 seasons of Below deck?,Captain Lee,April 14 26,21,Not Found,April 14 26,,,,,,,,,,,,,,,,,,,,,,
Q1638,,Film/TV,,How many kids does Kris Jenner have?,"6 (Kourt, Kim, Khlo, Rob, Ken, Ky)",April 14 26,21,Not Found,April 14 26,,,,,,,,,,,,,,,,,,,,,,
Q1639,,Film/TV,,What show earned Julia Louis-Dreyfus an astonishing 6 consecutive Primetime Emmys?,Veep,April 14 26,21,Not Found,April 14 26,,,,,,,,,,,,,,,,,,,,,,
Q1640,,Film/TV,,"The 2017 NBA Finals set a modern viewership record, what team won?",Golden State Warriors,Not Found,Fresh,Not Found,Not Found,,,,,,,,,,,,,,,,,,,,,,
Q1641,,Film/TV,,What US State did Sandy Cheeks move to Bikini Bottom from?,Texas,April 14 26,21,Not Found,April 14 26,,,,,,,,,,,,,,,,,,,,,,
Q1642,,Film/TV,,Why do Zach and Cody get to live the Suite life in a Hotel or on a Cruise Ship?,Mom is a lounge singer,Not Found,Fresh,Not Found,Not Found,,,,,,,,,,,,,,,,,,,,,,
Q1643,,Film/TV,,Name one of Barney Stinson's many catchphrases from How I Met Your Mother,"Suit Up, Legendary, Wait for it, Have you Met Ted?, I Have Only One Rule",Not Found,Fresh,Not Found,Not Found,,,,,,,,,,,,,,,,,,,,,,
Q1644,,Film/TV,,Stringer Bell and Avon Barksdale are two entrenpreneurs from what HBO Series?,The Wire,April 14 26,21,Not Found,April 14 26,,,,,,,,,,,,,,,,,,,,,,
Q1645,,Film/TV,,Better Call Saul's Saul Goodman was originally a con man with what name/nickname?,Slippin' Jimmy McGill,April 14 26,21,Not Found,April 14 26,,,,,,,,,,,,,,,,,,,,,,
Q1646,,Film/TV,,"Is Downton Abbey's owner a Count, Earl, Duke, or Baron?",Earl,Not Found,Fresh,Not Found,Not Found,,,,,,,,,,,,,,,,,,,,,,
Q1647,,Film/TV,,Who is the showrunner of The Girlie Show on 30 Rock?,Elizabeth 'Liz' Lemon,Not Found,Fresh,Not Found,Not Found,,,,,,,,,,,,,,,,,,,,,,
Q1648,,Film/TV,,What extreme drinking game does the Gang invent on It's Always Sunny in Philadelphia?,CharDee MacDennis,April 14 26,21,Not Found,April 14 26,,,,,,,,,,,,,,,,,,,,,,
Q1649,,Film/TV,,"According to Phineas and Ferb, how many days long is summer vacation?",104 Days,April 14 26,21,Not Found,April 14 26,,,,,,,,,,,,,,,,,,,,,,
Q1650,,Film/TV,,How does Will Byers communicate with his mom from the Upside Down in Stranger Things?,Electricity/Christmas Lights,April 14 26,21,Not Found,April 14 26,,,,,,,,,,,,,,,,,,,,,,
Q1651,,Film/TV,,Who is the first Stark to die on screen in Game of Thrones?,Eddard 'Ned' Stark,April 14 26,21,Not Found,April 14 26,,,,,,,,,,,,,,,,,,,,,,
Q1652,,Film/TV,,What is the name of the crack cheerleading squad helmed by Sue Sylvester in Glee?,The Cheerios,June 9 26,13,Not Found,June 9 26,,,,,,,,,,,,,,,,,,,,,,
Q1653,,Film/TV,,Where is the Good Place?,The Bad Place / Hell,April 14 26,21,Not Found,April 14 26,,,,,,,,,,,,,,,,,,,,,,
Q1654,,Film/TV,,"Which has aired more episodes, NCIS or Law & Order SVU?",SVU,April 14 26,21,Not Found,April 14 26,,,,,,,,,,,,,,,,,,,,,,
Q1655,,Film/TV,,What iconic chain restaurant hosts the 8th Dundies award ceremony in The Office?,Chili's,April 14 26,21,Not Found,April 14 26,,,,,,,,,,,,,,,,,,,,,,
Q1656,,Film/TV,,What is the mascot of Greendale Community College from NBC's Community?,Human / Human Being,Not Found,Fresh,Not Found,Not Found,,,,,,,,,,,,,,,,,,,,,,
Q1657,,Film/TV,,What is the name of the magic flying bison that Aang and the Gaang ride on in Avatar: The Last Airbender?,Appa,Not Found,Fresh,Not Found,Not Found,,,,,,,,,,,,,,,,,,,,,,
Q1658,,Film/TV,,The members of Brooklyn 99 stage a competitive heist each year on what day?,Halloween (Oct 31),April 14 26,21,Not Found,April 14 26,,,,,,,,,,,,,,,,,,,,,,
Q1659,,Film/TV,,"Finish this phrase from Friday Night Lights, ""Clear Eyes, Full Hearts, __________________""",Can't Lose,April 14 26,21,Not Found,April 14 26,,,,,,,,,,,,,,,,,,,,,,
Q1660,,Film/TV,0,"What sports documentary series on ESPN featured episodes on The U, Reggie Miller, and OJ Simpson?",30 for 30,June 2 26,14,Not Found,June 2 26,,,,,,,,,,,,,,,,,,,,,,
Q1661,,Film/TV,0,What legendary film role does Bojack Horseman land in the hopes he'll revitalize his career?,Secretariat,May 5 26,18,Not Found,May 5 26,,,,,,,,,,,,,,,,,,,,,,
Q1662,,Film/TV,0,What is Dexter Morgan's (From Dexter) day job?,Bloodstain Pattern Analysis (CSI),Not Found,Fresh,Not Found,Not Found,,,,,,,,,,,,,,,,,,,,,,
Q1663,,Film/TV,0,What is the name of the sprawling suburban community that serves at the setting for Weeds?,Agrestic,Not Found,Fresh,Not Found,Not Found,,,,,,,,,,,,,,,,,,,,,,
Q1664,,Film/TV,0,"What are the real names of the internationally famous fashion duo, Black and Tan, from the TV Show Psych?",Shawn and Gus ,Not Found,Fresh,Not Found,Not Found,,,,,,,,,,,,,,,,,,,,,,
Q1665,,Film/TV,0,"Which show isn't set in Miami: Weeds, Burn Notice, Dexter, or Jane the Virgin",Weeds,Not Found,Fresh,Not Found,Not Found,,,,,,,,,,,,,,,,,,,,,,
Q1666,,Film/TV,0,Where is the original CSI series set?,Las Vegas,Not Found,Fresh,Not Found,Not Found,,,,,,,,,,,,,,,,,,,,,,
Q1667,,Film/TV,0,Who is Timmy Turner's babysitter?,Vicky,Not Found,Fresh,Not Found,Not Found,,,,,,,,,,,,,,,,,,,,,,
Q1668,,Pride,0,"What did the landmark Supreme Court case ""Obergefell v Hodges"" guarantee in all 50 states?",Right to Same Sex Marriage,Not Found,Fresh,Not Found,Not Found,,,,,,,,,,,,,,,,,,,,,,
Q1669,,Pride,0,"What American singer/songwriter wrote three original songs for the 2017 drama, Call Me By Your Name?",Sufjan Stevens,June 9 26,13,Not Found,June 9 26,,,,,,,,,,,,,,,,,,,,,,
Q1670,,Pride,0,"Who stars in 1999's But I'm a Cheerleader as a a high school cheerleader whose parents send her to conversion therapy to ""cure"" her lesbianism.",Natasha Lyonne,June 9 26,13,Not Found,June 9 26,,,,,,,,,,,,,,,,,,,,,,
Q1671,,Linguistics,0,What is the term for a victory that is so costly that it is equivalent to a loss?,Pyrrhic Victory,May 5 26,18,Not Found,May 5 26,,,,,,,,,,,,,,,,,,,,,,
Q1672,,Pride,0,Which 2023 teen comedy features two queer girls who start a secret fight club?,Bottoms,June 9 26,13,Not Found,June 9 26,,,,,,,,,,,,,,,,,,,,,,
Q1673,,Pride,0,"Which rock musical features the characters Mark, Angel, and Collins and is set during the AIDS crisis?",Rent,June 9 26,13,Not Found,June 9 26,,,,,,,,,,,,,,,,,,,,,,
Q1674,,Pride,0,What long-running musical features a drag queen named Lola who helps save a shoe factory?,Kinky Boots,June 9 26,13,Not Found,June 9 26,,,,,,,,,,,,,,,,,,,,,,
Q1675,,Pride,0,"Which country became the first to legalize same-sex marriage in 2001: Denmark, Germany, Sweden, or Netherlands?",Netherlands,Not Found,Fresh,Not Found,Not Found,,,,,,,,,,,,,,,,,,,,,,
Q1676,,Pride,0,In which New York City neighborhood is the Stonewall Inn located?,Greenwich Village,June 9 26,13,Not Found,June 9 26,,,,,,,,,,,,,,,,,,,,,,
Q1677,,Pride,0,What San Francisco neighborhood is historically known as a major LGBTQ+ hub?,Castro,Not Found,Fresh,Not Found,Not Found,,,,,,,,,,,,,,,,,,,,,,
Q1678,,Pride,0,What Berlin nightclub was founded as a gay disco before becoming one of the world's most famous Techno venues?,Berghain,June 9 26,13,Not Found,June 9 26,,,,,,,,,,,,,,,,,,,,,,
Q1679,,Pride,0,What was the first state to outlaw discrimination based on sexual orientation?,Wisconsin,June 9 26,13,Not Found,June 9 26,,,,,,,,,,,,,,,,,,,,,,
Q1680,,Pride,0,"True or False, High Tech Gays v DISCO was a very real and very important federal lawsuit",True,March 24 26,24,Not Found,March 24 26,,,,,,,,,,,,,,,,,,,,,,
Q1681,,Pride,0,"The earliest known references to same-sex love between women, written between 625-570 BCE, are attributed to whom?",Sappho,June 9 26,13,Not Found,June 9 26,,,,,,,,,,,,,,,,,,,,,,
Q1682,,Pride,0,Where does the term lesbian come from?,The island of Lesbos,Not Found,Fresh,Not Found,Not Found,,,,,,,,,,,,,,,,,,,,,,
Q1683,,Pride,0,"True or false, At the time of the 1969 Stonewall Riots, it was illegal for men to dance with men and women to dance with women?","False, only M + M was illegal",June 9 26,13,Not Found,June 9 26,,,,,,,,,,,,,,,,,,,,,,
Q1684,,Pride,0,INSERT DESCRIPTION OF BROKEBACK MOUNTAIN,Brokeback Mountain,Not Found,Fresh,Not Found,Not Found,,,,,,,,,,,,,,,,,,,,,,
Q1685,,Pride,0,Was homosexuality fully removed from the DSM BEFORE or AFTER 1984?,After,June 9 26,13,Not Found,June 9 26,,,,,,,,,,,,,,,,,,,,,,
Q1686,,Pride,0,Roy and Silo were a couple of *what* in the Central Park Zoo?,Gay Penguins,June 9 26,13,Not Found,June 9 26,,,,,,,,,,,,,,,,,,,,,,
Q1687,,Pride,0,Which openly gay athlete won Olympic gold medals in diving in 1984 and 1988?,Greg Louganis,June 9 26,13,Not Found,June 9 26,,,,,,,,,,,,,,,,,,,,,,
Q1688,,Religion/Myth,0,"Only three Angels are named in Bible: Gabriel, Michael, and who?",Lucifer,Not Found,Fresh,Not Found,Not Found,,,,,,,,,,,,,,,,,,,,,,
Q1689,,Sports/Games,0,What city does the Canadian Grand Prix take place in?,Montreal,Not Found,Fresh,Not Found,Not Found,,,,,,,,,,,,,,,,,,,,,,
Q1690,,Virginia,0,What's the correct name for a male turkey?,Tom (Gobbler),May 5 26,18,Not Found,May 5 26,,,,,,,,,,,,,,,,,,,,,,
Q1691,,Geography,0,What is the capital of Hungary ?,Budapest,May 5 26,18,Not Found,May 5 26,,,,,,,,,,,,,,,,,,,,,,
Q1692,,Film/TV,0,What Star Wars character is named for the Sanskrit word for Warrior?,Yoda,May 5 26,18,Not Found,May 5 26,,,,,,,,,,,,,,,,,,,,,,
Q1693,,World,0,What country is INTERPOL headquarters located in?,France (Lyon),May 5 26,18,Not Found,May 5 26,,,,,,,,,,,,,,,,,,,,,,
Q1694,,World,0,Where did Napoleon die?,St. Helena,May 5 26,18,Not Found,May 5 26,,,,,,,,,,,,,,,,,,,,,,
Q1695,,Food/Drink,0,What brewing company produces Harp Lager?,Guinness,May 5 26,18,Not Found,May 5 26,,,,,,,,,,,,,,,,,,,,,,
Q1696,,STEM,0,How many seconds are in a day ?,86400,May 5 26,18,Not Found,May 5 26,,,,,,,,,,,,,,,,,,,,,,
Q1697,,World,0,What was the worlds highest manmade structure until the Chrysler Building was completed in 1930?,Eiffel Tower,May 5 26,18,Not Found,May 5 26,,,,,,,,,,,,,,,,,,,,,,
Q1698,,World,0,Where are the crown jewels of the United Kingdom kept?,The Tower of London,May 5 26,18,Not Found,May 5 26,,,,,,,,,,,,,,,,,,,,,,
Q1699,,Sports/Games,0,How many straight lines will you find on an English Football pitch? ,17 ,May 5 26,18,Not Found,May 5 26,,,,,,,,,,,,,,,,,,,,,,
Q1700,,STEM,0,What is the square root of one quarter?,One half,May 5 26,18,Not Found,May 5 26,,,,,,,,,,,,,,,,,,,,,,
Q1701,,Sports/Games,0,What color is the 2-ball in American pool?,Blue,March 17 26,25,Not Found,March 17 26,,,,,,,,,,,,,,,,,,,,,,
Q1702,,World,0,Who discovered the first marine route from Europe to India?,Vasco da Gama,May 5 26,18,Not Found,May 5 26,,,,,,,,,,,,,,,,,,,,,,
Q1703,,Biology/Zoology,0,"Which has the highest recorded speed, Sailfish, Swordfish, or Marlin?",Sailfish,May 5 26,18,Not Found,May 5 26,,,,,,,,,,,,,,,,,,,,,,
Q1704,,Film/TV,0,"Green , garbage-loving Oscar the Grouch fron Sesame Street was originally what color?",Orange,May 5 26,18,Not Found,May 5 26,,,,,,,,,,,,,,,,,,,,,,
Q1705,,Space,0,What is the fifth largest planet in our solar system?,Earth,May 5 26,18,Not Found,May 5 26,,,,,,,,,,,,,,,,,,,,,,
Q1706,,Sports/Games,0,Who holds the record for the Kentucky Derby?,Secretariat,May 5 26,18,Not Found,May 5 26,,,,,,,,,,,,,,,,,,,,,,
Q1707,,Film/TV,0,"Nominated five times, which of these Hollywood legends never won an Oscar for Best Director: Hitchcock, Coppola, Ford?",ALFRED HITCHCOCK,Not Found,Fresh,Not Found,Not Found,,,,,,,,,,,,,,,,,,,,,,
Q1708,,Sports/Games,0,Mario first appeared in “Donkey Kong” not as a plumber but as a what?,CARPENTER,May 5 26,18,Not Found,May 5 26,,,,,,,,,,,,,,,,,,,,,,
Q1709,,Film/TV,0,"Which character debuted first, Donald Duck or Daffy Duck?",Donald Duck,May 5 26,18,Not Found,May 5 26,,,,,,,,,,,,,,,,,,,,,,
Q1710,,Pop Culture,0,"What was the magazine Billboard originally focused on: Stage Plays, Carnivals, or Musuems?",Carnivals,May 5 26,18,Not Found,May 5 26,,,,,,,,,,,,,,,,,,,,,,
Q1711,,Fashion,0,Which area of the museum does the iconic Met Gala raise funds for?,Costume Institute,May 5 26,18,Not Found,May 5 26,,,,,,,,,,,,,,,,,,,,,,
Q1712,,Linguistics,0,What is the term for an event just prior to a penultimate event?,Antepenultimate,May 12 26,17,Not Found,May 12 26,,,,,,,,,,,,,,,,,,,,,,
Q1713,,US,0,"The inscription “Pass and Stow,” appears on what US symbol?",Liberty Bell,May 12 26,17,Not Found,May 12 26,,,,,,,,,,,,,,,,,,,,,,
Q1714,,Food/Drink,0,What tasty candy became a movie classic when it was featured in E.T. as part of a global marketing push?,Reese's Pieces,June 2 26,14,Not Found,June 2 26,,,,,,,,,,,,,,,,,,,,,,
Q1715,,Biology/Zoology,0,"Poison ivy belongs to a diverse botanical family that also includes the cashew and what tropical fruit: Guava, Mango, or Papaya?",Mango,May 12 26,17,Not Found,May 12 26,,,,,,,,,,,,,,,,,,,,,,
Q1716,,World,0,"In which of these countries do motorists usually drive on the right-hand side of the street: Japan, Brazil, South Africa, or Indonesia?",Brazil,June 2 26,14,Not Found,June 2 26,,,,,,,,,,,,,,,,,,,,,,
Q1717,,Food/Drink,0,"True or False, Reese's Pieces contain chocolate.",False,March 17 26,25,Not Found,March 17 26,,,,,,,,,,,,,,,,,,,,,,
Q1718,,High Art,0,"In Cervantes, “Don Quixote” becomes delusional after doing what?",Reading too many books,June 2 26,14,Not Found,June 2 26,,,,,,,,,,,,,,,,,,,,,,
Q1719,,World,0,What tiny European country is the only one in the world in which the head of state is a grand duke?,Luxembourg,May 12 26,17,Not Found,May 12 26,,,,,,,,,,,,,,,,,,,,,,
Q1720,,Religion/Myth,0,"The symbol for a popular Japanese beer, the kirin closely resembles what mythical creature?",Unicorn,May 12 26,17,Not Found,May 12 26,,,,,,,,,,,,,,,,,,,,,,
Q1721,,Biology/Zoology,0,Do fingernails or toenails grow faster?,Fingernails,May 12 26,17,Not Found,May 12 26,,,,,,,,,,,,,,,,,,,,,,
Q1722,,Low Art,0,What Belgian comic book character is known for globe trotting adventures with an alcholic ship captain and a dog named Snowy?,Tintin,May 12 26,17,Not Found,May 12 26,,,,,,,,,,,,,,,,,,,,,,
Q1723,,STEM,0,"While about 90% of the atoms in the universe are hydrogen, the remaining 10% are mostly all what?",Helium,May 12 26,17,Not Found,May 12 26,,,,,,,,,,,,,,,,,,,,,,
Q1724,,World,0,"What Eastern European capital’s airport is named in honor of its famous resident, composer Frederic Chopin?",Warsaw / Poland,Not Found,Fresh,Not Found,Not Found,,,,,,,,,,,,,,,,,,,,,,
Q1725,,Biology/Zoology,0,"Most of the world’s supply of cork comes from what kind of tree: Elm, Oak, or Ash?",Oak,May 12 26,17,Not Found,May 12 26,,,,,,,,,,,,,,,,,,,,,,
Q1726,,STEM,0,"Made by Corning, the hard, scratch-resistant glass found on tablets and smartphones is called what?",Gorilla Glass,Not Found,Fresh,Not Found,Not Found,,,,,,,,,,,,,,,,,,,,,,
Q1727,,Food/Drink,0,"What beer’s label features the phrase “Anno 1366,” referring to the year it was first allegedly brewed?",Stella Artois,June 2 26,14,Not Found,June 2 26,,,,,,,,,,,,,,,,,,,,,,
Q1728,,Geography,0,"With over 20% of the world’s forests, what nation has more forestland than any other?",Russia,May 12 26,17,Not Found,May 12 26,,,,,,,,,,,,,,,,,,,,,,
Q1729,,Sports/Games,0,"In 1982, who became the first professional baseball player to be featured on a U.S. postal stamp?",Jackie Robinson,May 12 26,17,Not Found,May 12 26,,,,,,,,,,,,,,,,,,,,,,
Q1730,,Film/TV,0,"In the classic 1975 thriller “Jaws,” we see the deadly shark kill more or fewer than 3 people on screen?","More, 4",May 12 26,17,Not Found,May 12 26,,,,,,,,,,,,,,,,,,,,,,
Q1731,,STEM,0,"After nitrogen and oxygen,what is the third most abundant gas in air?",Argon,May 12 26,17,Not Found,May 12 26,,,,,,,,,,,,,,,,,,,,,,
Q1732,,World,0,"In the boot-shaped country of Italy,what region comprises the “toe”?",Calabria,Not Found,Fresh,Not Found,Not Found,,,,,,,,,,,,,,,,,,,,,,
Q1733,,World,0,The 1477 union of Archduke Maximilian of Austria and Mary of Burgundy allegedly started what matrimonial tradition?,Diamond Engagement Ring,Not Found,Fresh,Not Found,Not Found,,,,,,,,,,,,,,,,,,,,,,
Q1734,,Geography,0,Most scholars agree Columbus first landed in the New World on coastline now part of what country?,Bahamas,May 12 26,17,Not Found,May 12 26,,,,,,,,,,,,,,,,,,,,,,
Q1735,,States,0,How many U.S. state capitals have the word “city” in their name?,4,May 12 26,17,Not Found,May 12 26,,,,,,,,,,,,,,,,,,,,,,
Q1736,,High Art,0,"Is the Mona Lisa more or less than 2' (24"") wide?","Less, 21"" wide",May 12 26,17,Not Found,May 12 26,,,,,,,,,,,,,,,,,,,,,,
Q1737,,World,0,"Who had a longer reign, Queen Elizabeth II or Queen Victoria?",QE2,May 12 26,17,Not Found,May 12 26,,,,,,,,,,,,,,,,,,,,,,
Q1738,,Film/TV,0,Who is the only character mentioned by name in the famous opening crawl at the start of the 1977 movie “Star Wars”?,Princess Leia,Not Found,Fresh,Not Found,Not Found,,,,,,,,,,,,,,,,,,,,,,
Q1739,,Geography,0,"Sitting just across a river from each other,what two cities jointly celebrate Canada Day and the Fourth of July with a huge fireworks display?",Detroit and Windsor,Not Found,Fresh,Not Found,Not Found,,,,,,,,,,,,,,,,,,,,,,
Q1740,,US,0,"Which founding father signed both the Constitution and Declaration of Independence: George Washington, Thomas Jefferson, John Adams, or Benjamin Franklin?",Benny Franks,May 12 26,17,Not Found,May 12 26,,,,,,,,,,,,,,,,,,,,,,
Q1741,,Sports/Games,0,What equine event is the state sport of maryland?,Jousting,May 12 26,17,Not Found,May 12 26,,,,,,,,,,,,,,,,,,,,,,
Q1742,,Music,0,"Frequently heard at weddings, Johann Pachelbel’s famous canon is in what key?",D (major),May 12 26,17,Not Found,May 12 26,,,,,,,,,,,,,,,,,,,,,,
Q1743,,Film/TV,0,"Which of these acclaimed filmmakers directed the video for Michael Jackson’s 1987 single “Bad”? Martin Scorsese, Steven Spielberg, Ridley Scott, or John Hughes ",The REAL Marty Supreme,May 12 26,17,Not Found,May 12 26,,,,,,,,,,,,,,,,,,,,,,
Q1744,,Food/Drink,0,Muenster is a semisoft cheese that is named after a city in what European country?,France ,May 12 26,17,Not Found,May 12 26,,,,,,,,,,,,,,,,,,,,,,
Q1745,,Economics,0,"On the New York Stock Exchange, what entertainment and dining chain trades under the ticker symbol ""PLAY",Dave & Busters,June 2 26,14,Not Found,June 2 26,,,,,,,,,,,,,,,,,,,,,,
Q1746,,Sports/Games,0,What upcoming F1 race is part of the triple crown of motorsport along with the Indy 500 and Le Mans? ,Monaco Grand Prix,June 2 26,14,Not Found,June 2 26,,,,,,,,,,,,,,,,,,,,,,
Q1747,,STEM,0,"What is the top level domain name (.com, .edu, etc) for the country Anguilla?",.ai,Not Found,Fresh,Not Found,Not Found,,,,,,,,,,,,,,,,,,,,,,
Q1748,,Pride,0,What was the first Country to decriminalize homosecuality in 1933?,Denmark,June 9 26,13,Not Found,June 9 26,,,,,,,,,,,,,,,,,,,,,,
Q1749,,Pride,0,The world's oldest gay bar can be found in which city?,Copenhagen,June 9 26,13,Not Found,June 9 26,,,,,,,,,,,,,,,,,,,,,,
Q1750,,Pride,0,What landmark 1990 documentary captured the vibrant NYC ballroom scene?,Paris is Burning,June 9 26,13,Not Found,June 9 26,,,,,,,,,,,,,,,,,,,,,,
Q1751,,Pride,0,"What four words are used in RuPauls Drag Race to describe a winner, baby?","Creativity, uniqueness, nerve, and talent",6/9/2026,13,Not Found,Not Found,,,,,,,,,,,,,,,,,,,,,,
Q1752,,Pride,0,Which landmark Virginia court case challenged a school board policy restricting transgender students' access to restrooms matching their gender identity?,G.G. (Gavin Grimm) v. Gloucester County School Board,Not Found,Fresh,Not Found,Not Found,,,,,,,,,,,,,,,,,,,,,,
Q1753,,Pride,0,What iconic duo and trans activists led the stonewall riots in NYC?,Marsha P Johnson and Sylvia Rivera,June 9 26,13,Not Found,June 9 26,,,,,,,,,,,,,,,,,,,,,,
Q1754,,Pride,0,Who were the two runners up of ru Paul’s drag race season 12?,Crystal Methyd & Gigi Goode,June 9 26,13,Not Found,June 9 26,,,,,,,,,,,,,,,,,,,,,,
Q1755,,Pride,0,Which film/musical featured the iconic line “You Change the world when you change your mind” spoken by main character Lola?,Kinky Boots,June 9 26,13,Not Found,June 9 26,,,,,,,,,,,,,,,,,,,,,,
Q1756,,Pride,0,Name the artist of the album “Alligator Bites Never Heal”,Docehii,June 9 26,13,Not Found,June 9 26,,,,,,,,,,,,,,,,,,,,,,
Q1757,,Pride,0,What year did ACT UP (in New York) begin which served as a force of activism for HIV/AIDS awareness?,1987,Not Found,Fresh,Not Found,Not Found,,,,,,,,,,,,,,,,,,,,,,
Q1758,,Pride,0,Which poet (who called Blacksburg home) famously conducted a televised conversation with James Baldwin in 1971 that remains an important document of Black intellectual history?,Nikki Giovanni,June 9 26,13,Not Found,June 9 26,,,,,,,,,,,,,,,,,,,,,,
Q1759,,Pride,0,Which LGBTQ+ rights organization uses the equal sign (=) as its logo?,Human Rights Campaign,June 9 26,13,Not Found,June 9 26,,,,,,,,,,,,,,,,,,,,,,
Q1760,,US,0,"During the Cold War,the U.S. government built a bunker to house Congress under what golf resort?",The Greenbriar,July 7 26,9,Not Found,July 7 26,,,,,,,,,,,,,,,,,,,,,,
Q1761,,US,0,"At the 1969 Woodstock festival, Jimi Hendrix played a famous rendition of what patriotic song?",Star Spangled Banner,July 7 26,9,Not Found,July 7 26,,,,,,,,,,,,,,,,,,,,,,
Q1762,,High Art,0,What classic Steinbeck novel had a first draft that was eaten by the author’s dog in 1936?,Of Mice and Men,Not Found,Fresh,Not Found,Not Found,,,,,,,,,,,,,,,,,,,,,,
Q1763,,STEM,0,What is the element Polonium named for?,Poland,July 7 26,9,Not Found,July 7 26,,,,,,,,,,,,,,,,,,,,,,
Q1764,,Geography,0,"True or False, the Appalachian Trail goes through South Carolina",False,March 17 26,25,Not Found,March 17 26,,,,,,,,,,,,,,,,,,,,,,
Q1765,,Geology,0,What adjective describes petroleum before it has been refined?,Crude,July 7 26,9,Not Found,July 7 26,,,,,,,,,,,,,,,,,,,,,,
Q1766,,STEM,0,An inward collapse of a vessel is called what?,Implosion,July 7 26,9,Not Found,July 7 26,,,,,,,,,,,,,,,,,,,,,,
Q1767,,Sports/Games,0,In what sport do participants call out a solution to the following? Cube root of 64!,Golf (fore!),July 7 26,9,Not Found,July 7 26,,,,,,,,,,,,,,,,,,,,,,
Q1768,,Misc,0,"What is the collective name for colors formed by mixing any two of these three colors? red, yellow, blue",secondary colors,Not Found,Fresh,Not Found,Not Found,,,,,,,,,,,,,,,,,,,,,,
Q1769,,STEM,0,The first quartile equals what percentile?,25th percentile,Not Found,Fresh,Not Found,Not Found,,,,,,,,,,,,,,,,,,,,,,
Q1770,,High Art,0,Name the fierce-looking boar who leads the rebellion against Mr. Jones in George Orwell's 'Animal Farm.',Napoleon,Not Found,Fresh,Not Found,Not Found,,,,,,,,,,,,,,,,,,,,,,
Q1771,,Geography,0,What sea is to the northeast of Australia and home to the Great Barrier Reef?,Coral Sea,Not Found,Fresh,Not Found,Not Found,,,,,,,,,,,,,,,,,,,,,,
Q1772,,STEM,0,How many square yards are in a square 33 feet on a side?,121 square yards,Not Found,Fresh,Not Found,Not Found,,,,,,,,,,,,,,,,,,,,,,
Q1773,,STEM,0,"About 10% of natural gas is propane and butane, another 10% consists of ethane, and the other 80% is",Methane,July 7 26,9,Not Found,July 7 26,,,,,,,,,,,,,,,,,,,,,,
Q1774,,Biology/Zoology,0,"The long, slow brain waves characteristic of a relaxed state are named for which letter of the Greek alphabet?",Alpha,Not Found,Fresh,Not Found,Not Found,,,,,,,,,,,,,,,,,,,,,,
Q1775,,STEM,0,Soils lower than 7.0 pH are acidic while soils higher than 7.0 are what?,alkaline,Not Found,Fresh,Not Found,Not Found,,,,,,,,,,,,,,,,,,,,,,
Q1776,,STEM,0,What two-digit number is the square of the sum of its digits?,81,Not Found,Fresh,Not Found,Not Found,,,,,,,,,,,,,,,,,,,,,,
Q1777,,World,0,"In addition to Russia, what other two permanent members of the United Nations Security Council are European?","France, Great Britain",July 7 26,9,Not Found,July 7 26,,,,,,,,,,,,,,,,,,,,,,
Q1778,,US,0,Name a ten-mile-wide strip of land over which the United States gained control in 1903.,Panama Canal Zone,Not Found,Fresh,Not Found,Not Found,,,,,,,,,,,,,,,,,,,,,,
Q1779,,Geography,0,"True or False, Angel Falls in Venezuela is more than ten times higher than Niagara Falls.",True (close to 20),July 7 26,9,Not Found,July 7 26,,,,,,,,,,,,,,,,,,,,,,
Q1780,,Geography,0,What is the capital of Puerto Rico?,San Juan,July 7 26,9,Not Found,July 7 26,,,,,,,,,,,,,,,,,,,,,,
Q1781,,Geography,0,Herare (pronounced Heh Rah Ray) is the capital and largest city of what country?,Zimbabwe,Not Found,Fresh,Not Found,Not Found,,,,,,,,,,,,,,,,,,,,,,
Q1782,,Linguistics,0,What is the term for a truce or temporary cessation of hostilities during wartime?,Armistice,Not Found,Fresh,Not Found,Not Found,,,,,,,,,,,,,,,,,,,,,,
Q1783,,Spooky,0,Depictions of the Grim Reaper often show him carrying what kind of agricultural implement?,Scythe,Not Found,Fresh,Not Found,Not Found,,,,,,,,,,,,,,,,,,,,,,
Q1784,,US,0,How many people serve as whips in the U.S. Congress?,4,May 12 26,17,Not Found,May 12 26,,,,,,,,,,,,,,,,,,,,,,
Q1785,,US,0,Is the Golden Gate Bridge more or less than 100 years old?,Less (89),July 7 26,9,Not Found,July 7 26,,,,,,,,,,,,,,,,,,,,,,
Q1786,,Geography,0,What is the southernmost Scandinavian country?,Denmark,June 9 26,13,Not Found,June 9 26,,,,,,,,,,,,,,,,,,,,,,
Q1787,,Misc,0,"In the Northern Hemisphere, what season occurs between the vernal equinox and the summer solstice?",Spring,July 7 26,9,Not Found,July 7 26,,,,,,,,,,,,,,,,,,,,,,
Q1788,,Biology/Zoology,0,What is the shape of the unique red marking on the underside of a black widow spider?,hourglass,Not Found,Fresh,Not Found,Not Found,,,,,,,,,,,,,,,,,,,,,,
Q1789,,STEM,0,The odometer on Bob's Camaro reads 94680. What is the fewest number of miles he must drive before the numbers on his odometer form a palindrome?,69,Not Found,Fresh,Aug 4 26,Not Found,,,,,,,,,,,,,,,,,,,,,,
Q1790,,Biology/Zoology,0,Albinism is caused by the absence of what pigment in the skin?,Melanin,Not Found,Fresh,Not Found,Not Found,,,,,,,,,,,,,,,,,,,,,,
Q1791,,US,0,An image of what historic structure in Philadelphia is depicted on the back of a U.S. $100 bill?,Independence Hall,July 7 26,9,Not Found,July 7 26,,,,,,,,,,,,,,,,,,,,,,
Q1792,,US,0,Which amendment guarantees the assistance of counsel during legal proceedings?,Sixth Amendment,Not Found,Fresh,Not Found,Not Found,,,,,,,,,,,,,,,,,,,,,,
Q1793,,STEM,0,Fluids include liquids and what else?,gases,Not Found,Fresh,Not Found,Not Found,,,,,,,,,,,,,,,,,,,,,,
Q1794,,Film/TV,0,What does sitcom mean?,Situational Comedy,Not Found,Fresh,Not Found,Not Found,,,,,,,,,,,,,,,,,,,,,,
Q1795,,Music,,What term derived from the Greek language indicates a song of praise to the gods?,Hymn,July 14 26,8,Not Found,July 14 26,,,,,,,,,,,,,,,,,,,,,,
Q1796,,Music,0,What musical instruments are brass dishes with leather handles?,Cymbals,Not Found,Fresh,Not Found,Not Found,,,,,,,,,,,,,,,,,,,,,,
Q1797,,Music,,How many pedals does a modern grand piano have?,3,March 17 26,25,Not Found,March 17 26,,,,,,,,,,,,,,,,,,,,,,
Q1798,,Music,0,"The melody for the Christmas song, ""What Child Is This"" is identical to the melody for what 16th-century English song?",Greensleeves,Not Found,Fresh,Not Found,Not Found,,,,,,,,,,,,,,,,,,,,,,
Q1799,,Music,,"These are characters in what long-running musical? Victoria, Alonzo, Mr. Mistoffelees",Cats,Not Found,Fresh,Not Found,Not Found,,,,,,,,,,,,,,,,,,,,,,
Q1800,,Music,0,What are the individual parts of a composite musical work such as a symphony or concerto called?,Movements,Not Found,Fresh,Not Found,Not Found,,,,,,,,,,,,,,,,,,,,,,
Q1801,,Music,,"Which guitarist didn't play left handed: Jimi Hendrix, Paul McCartney, Carlos Santana, or Kurt Cobain?",Santana,July 14 26,8,Not Found,July 14 26,,,,,,,,,,,,,,,,,,,,,,
Q1802,,Music,0,What musical group is formed by combining two trios?,Sextet,Not Found,Fresh,Not Found,Not Found,,,,,,,,,,,,,,,,,,,,,,
Q1803,,Music,,What male singing voice is lower than tenor and higher than bass?,Baritone,July 14 26,8,Not Found,July 14 26,,,,,,,,,,,,,,,,,,,,,,
Q1804,,Music,0,"Who wrote the music for these films? E.T., Jaws, Superman",John Williams,Not Found,Fresh,Not Found,Not Found,,,,,,,,,,,,,,,,,,,,,,
Q1805,,Music,,Is a saxophone considered a Brass Instrument or a Woodwind?,Woodwind,Not Found,Fresh,Not Found,Not Found,,,,,,,,,,,,,,,,,,,,,,
Q1806,,Music,0,"Aside from two violins, what are the other instruments in a string quartet?","Cello, Viola",July 14 26,8,Not Found,July 14 26,,,,,,,,,,,,,,,,,,,,,,
Q1807,,Music,,What instrument is used to play Taps or other Military Calls?,Bugle (NOT TRUMPET!!!!),Not Found,Fresh,Not Found,Not Found,,,,,,,,,,,,,,,,,,,,,,
Q1808,,Music,0,"How many albums need to be sold for an album to be certified ""Diamond"" by the RIAA","10,000,000",July 14 26,8,Not Found,July 14 26,,,,,,,,,,,,,,,,,,,,,,
Q1809,,Music,,"How many albums need to be sold for an album to be certified ""Paltinum"" by the RIAA","1,000,000",July 14 26,8,Not Found,July 14 26,,,,,,,,,,,,,,,,,,,,,,
Q1810,,Music,0,What is the term for illegally inflating your sales or streaming numbers by paying Radio Stations to play your music?,Payola,Not Found,Fresh,Not Found,Not Found,,,,,,,,,,,,,,,,,,,,,,
Q1811,,Music,,"The songs Born to Run (Springsteen) , Last Friday Night (Katy Perry) , and Aja (pronounced Asia, Steely Dan) all feature what kind of solo?",Saxophone,July 14 26,8,Not Found,July 14 26,,,,,,,,,,,,,,,,,,,,,,
Q1812,,Music,0,"At over 8 minutes long, American Pie by Don McClean was the longest song to top the billboard charts until what 2021 track stole the record?",All Too Well (10 Minute Version),July 14 26,8,Not Found,July 14 26,,,,,,,,,,,,,,,,,,,,,,
Q1813,,Music,,"Which of these songs has Weird Al Yankovic NOT parodied: Queen's Bohemian Rhapsody, Backstreet Boys' I Want it that Way, or Weezer's Buddy Holly",Buddy Holly,July 14 26,8,Not Found,July 14 26,,,,,,,,,,,,,,,,,,,,,,
Q1814,,Music,0,"True or False, Enter Sandman never reached top 10 on the Billboard charts?","True, peaked at 16",July 14 26,8,Not Found,July 14 26,,,,,,,,,,,,,,,,,,,,,,
Q1815,,Music,,Iggy Azalea's hit 2014 track Fancy featured what up and coming British pop star?,Charli XCX,Not Found,Fresh,Not Found,Not Found,,,,,,,,,,,,,,,,,,,,,,
Q1816,,Music,0,Who is Childish Gambino?,Donald Glover,Not Found,Fresh,Not Found,Not Found,,,,,,,,,,,,,,,,,,,,,,
Q1817,,Music,,What was the first music video to reach 100 million streams on YouTube?,Girlfriend by Avril Lavigne (pride of Greater Napanee),July 14 26,8,Not Found,July 14 26,,,,,,,,,,,,,,,,,,,,,,
Q1818,,Music,0,What was the first music video to reach 1 billion streams on YouTube?,Gangnam Style,Not Found,Fresh,Not Found,Not Found,,,,,,,,,,,,,,,,,,,,,,
Q1819,,Low Art,,"In ""The Devil Wears Prada"", The character Miranda Priestly  is largely based upon what publishing icon?",Anna Wintour,Aug 4 26,5,Aug 4 26,Not Found,,,,,,,,,,,,,,,,,,,,,,
Q1820,,Poorly Described Movie,0,"What 2001 movie can be poorly described as, ""a great makeover turns a choir girl into a world leader""",The Princess Diaries,Aug 4 26,5,Aug 4 26,Not Found,,,,,,,,,,,,,,,,,,,,,,
Q1821,,Low Art,,"In the morbid black comedy from 1971- Harold and Maude, what kind of vehicle does Harold drive?",a Hearse,Aug 4 26,5,Aug 4 26,Not Found,,,,,,,,,,,,,,,,,,,,,,
Q1822,,Low Art,0,How many original studio albums has Taylor Swift released (not including re-releases)?,12,Aug 4 26,5,Aug 4 26,Not Found,,,,,,,,,,,,,,,,,,,,,,
Q1823,,Geography,,"What state has a higher population, New Hampshire or Vermont?",New Hampshire,Aug 4 26,5,Aug 4 26,Not Found,,,,,,,,,,,,,,,,,,,,,,
Q1824,,Food/Drink,0,"What award, named for a chef and cookbook author, is considered the highest honor a chef in America can receive?",James Beard Award,Aug 4 26,5,Aug 4 26,Not Found,,,,,,,,,,,,,,,,,,,,,,
Q1825,,Food/Drink,,What tire company publishes an annual guide to the best restaurants and hotels in the world?,Michelin,Aug 4 26,5,Aug 4 26,Not Found,,,,,,,,,,,,,,,,,,,,,,
Q1826,,Geography,0,The world's Southermost city is in what country?,Argentina (Tierra Del Fuego),Aug 4 26,5,Aug 4 26,Not Found,,,,,,,,,,,,,,,,,,,,,,
Q1827,,Geography,,"Leesburg is the largest TOWN in Virginia, what is the 2nd largest?",Blacksburg,Aug 4 26,5,Aug 4 26,Not Found,,,,,,,,,,,,,,,,,,,,,,
Q1828,,US,0,Alexander Hamilton and Aaron Burr's famous duel took place in what state?,New Jersey,Aug 4 26,5,Aug 4 26,Not Found,,,,,,,,,,,,,,,,,,,,,,
Q1829,,US,,"Fayetteville NC, Lafayette LA, and Lafayette Park in Washington DC are all named for what french revolutionary?",Gilbert du Motier AKA Marquis de Lafayette,Aug 4 26,5,Aug 4 26,Not Found,,,,,,,,,,,,,,,,,,,,,,
Q1830,,Food/Drink,0,"By law, Bourbon must be made from mash that is at least 51% WHAT grain?",Corn,Aug 4 26,5,Aug 4 26,Not Found,,,,,,,,,,,,,,,,,,,,,,
Q1831,,STEM,,"What company made iconic ""dumb"" phones like the RAZR, the SLVR, and the PEBL and the ROKR",Motoroloa,Aug 4 26,5,Aug 4 26,Not Found,,,,,,,,,,,,,,,,,,,,,,
Q1832,,Sports/Games,0,Give me either the man or woman who currently has won the most grand slams in tennis.,Novak Djokovic or Peggy (Margaret) Court,Aug 4 26,5,Aug 4 26,Not Found,,,,,,,,,,,,,,,,,,,,,,
Q1833,,World,,Over 70% of the entire world's maple syrup supply comes from what canadian province?,Quebec,Aug 4 26,5,Aug 4 26,Not Found,,,,,,,,,,,,,,,,,,,,,,
Q1834,,World,0,"James Naismith, Leonard Cohen, Justin Trudeau and William Shatner are all alumni of what prestigious Montreal-based university?",McGill University,Aug 4 26,5,Aug 4 26,Not Found,,,,,,,,,,,,,,,,,,,,,,
Q1835,,Sports/Games,,Euchre is a traditional midwestern game played with what?,Playing Cards,Aug 4 26,5,Aug 4 26,Not Found,,,,,,,,,,,,,,,,,,,,,,
Q1836,,Food/Drink,0,Is a Benny's slice more or less than 18 inches long?,Less (14 inches),Aug 4 26,5,Aug 4 26,Not Found,,,,,,,,,,,,,,,,,,,,,,
Q1837,,STEM,,"What is the innermost part of the eye, containing both rods and cones?",The Retina,Aug 4 26,5,Aug 4 26,Not Found,,,,,,,,,,,,,,,,,,,,,,
Q1838,,Sports/Games,0,"What are the 5 items you must produce in the board game, catan.","Brick, Lumber, Wool, Grain, Ore",Not Found,Fresh,Not Found,Not Found,,,,,,,,,,,,,,,,,,,,,,
Q1839,,US,,What president made the call to drop the atomic bomb,Harry S. Truman,Aug 4 26,5,Aug 4 26,Not Found,,,,,,,,,,,,,,,,,,,,,,
Q1840,,Sports/Games,0,What film stars Kevin Costner as an aging pitcher that tries to tame Tim Robbins' character Nuke LaLoosh?,Bull Durham,Not Found,Fresh,Not Found,Not Found,,,,,,,,,,,,,,,,,,,,,,
Q1841,,Sports/Games,,The NHL originally only had 6 teams before a major expansion in 1967. How many new teams did they add?,Six (6),Not Found,Fresh,Not Found,Not Found,,,,,,,,,,,,,,,,,,,,,,
Q1842,,Sports/Games,0,Ilia Malinin is a 3 time world champion and olympic gold medalist with what rhyming nickname?,Quad God,Not Found,Fresh,Not Found,Not Found,,,,,,,,,,,,,,,,,,,,,,
Q1843,,Sports/Games,,"In baseball, ""A-Rod"" is Alex Rodriguez, but who is ARod in Tennis?",Andy Roddick,Not Found,Fresh,Not Found,Not Found,,,,,,,,,,,,,,,,,,,,,,
Q1844,,Sports/Games,0,"Rory McIlroy recently completed what acheievement in golf, a feat that hasn't been accomplished since Tiger Woods?",Career Grand Slam,Not Found,Fresh,Not Found,Not Found,,,,,,,,,,,,,,,,,,,,,,
Q1845,,Sports/Games,,What does the abbreviation NIL stand for when referring to college sports?,"Name, Image, (and) Likeness",Not Found,Fresh,Not Found,Not Found,,,,,,,,,,,,,,,,,,,,,,
Q1846,,Sports/Games,0,"What sport uses these terms: Riposte, Hilt",Fencing,Not Found,Fresh,Not Found,Not Found,,,,,,,,,,,,,,,,,,,,,,
Q1847,,Sports/Games,,"What sport uses these terms: Corner Throw, Bathing Cap",Water Polo,Not Found,Fresh,Not Found,Not Found,,,,,,,,,,,,,,,,,,,,,,
Q1848,,Sports/Games,0,"What sport uses these terms: Heavy Ice, Shot Rock",Curling,Not Found,Fresh,Not Found,Not Found,,,,,,,,,,,,,,,,,,,,,,
Q1849,,Sports/Games,,July 1st is known to baseball fans as WHAT day?,Bobby Bonilla (Bo-Knee-Uh)Day,Not Found,Fresh,Not Found,Not Found,,,,,,,,,,,,,,,,,,,,,,
Q1850,,Sports/Games,0,"One of two teams in the Fulham borough of London, which British pro soccer club is nicknamed ""the Blues""",Chelsea,Not Found,Fresh,Not Found,Not Found,,,,,,,,,,,,,,,,,,,,,,
Q1851,,Sports/Games,,Aja Wilson and NaLyssa Smith lead what champion WNBA team?,Las Vegas Aces,Not Found,Fresh,Not Found,Not Found,,,,,,,,,,,,,,,,,,,,,,
Q1852,,Sports/Games,0,Florence Griffith Joyner was a world champion sprinter and gold medalist better known by what nickname?,Flo-Jo,Not Found,Fresh,Not Found,Not Found,,,,,,,,,,,,,,,,,,,,,,
Q1853,,Sports/Games,,Seattle Mariner's star catcher Cal Raleigh sports what nickname in honor of his physique and ability?,Big Dumper,Not Found,Fresh,Not Found,Not Found,,,,,,,,,,,,,,,,,,,,,,
Q1854,,Sports/Games,0,"What sport is divided into 6 periods called ""Chukkas""",Polo,Not Found,Fresh,Not Found,Not Found,,,,,,,,,,,,,,,,,,,,,,
Q1855,,Sports/Games,,"What high speed sport name is from Basque words meaning ""merry festival"" and is also a popular IPA made by Cigar City Brewing?",Jai Alai,Not Found,Fresh,Not Found,Not Found,,,,,,,,,,,,,,,,,,,,,,
Q1856,,Sports/Games,0,"James Conrad of Blacksburg Virginia shocked everyone after making the ""Holy Shot"" to win the World Championship in what sport?",Disc Golf,Not Found,Fresh,Not Found,Not Found,,,,,,,,,,,,,,,,,,,,,,
Q1857,,Sports/Games,,How many laps is the Indy 500?,200 2.5 Mile Laps,Not Found,Fresh,Not Found,Not Found,,,,,,,,,,,,,,,,,,,,,,
Q1858,,Sports/Games,0,"Lewis Hamilton, Max Verstappen, and Sebastian Vettel have all won 4 consecutive Formula 1 World Drivers Championships. Who is the only driver to have won more consecutive championships?",Michael Schumacher,Not Found,Fresh,Not Found,Not Found,,,,,,,,,,,,,,,,,,,,,,
Q1859,,Sports/Games,,What is the highest value section of the dart board?,Triple Twenty,Not Found,Fresh,Not Found,Not Found,,,,,,,,,,,,,,,,,,,,,,
Q1860,,Sports/Games,0,Who played outfield and stole 30 bases while playing for the Birmingham Barons in 1994,"Michael Jordan (yes, that one)",Not Found,Fresh,Not Found,Not Found,,,,,,,,,,,,,,,,,,,,,,
Q1861,,Sports/Games,,"What two words surround the ""In Jail"" space on a classic Monopoly board?",Just Visiting,Not Found,Fresh,Not Found,Not Found,,,,,,,,,,,,,,,,,,,,,,
Q1862,,Sports/Games,0,This ancient Chinese game is played with 361 pieces called stones?,Go,Not Found,Fresh,Not Found,Not Found,,,,,,,,,,,,,,,,,,,,,,
Q1863,,Sports/Games,,What was the classic game Clue called in the United Kingdom?,Cluedo,Not Found,Fresh,Not Found,Not Found,,,,,,,,,,,,,,,,,,,,,,
Q1864,,Sports/Games,0,"Originally inspired by games from China and India, Ludo has inspired many modern games such as Parcheesi, and WHAT Hasbro product?",Sorry!,Not Found,Fresh,Not Found,Not Found,,,,,,,,,,,,,,,,,,,,,,
Q1865,,Sports/Games,,What color are the 2nd most valuable properties in Monopoly?,Green,Not Found,Fresh,Not Found,March 3 26,,,,,,,,,,,,,,,,,,,,,,
Q1866,,Sports/Games,0,What game is played on a board with 24 spear-shaped points and a doubling cube?,Backgammon,Not Found,Fresh,Not Found,Not Found,,,,,,,,,,,,,,,,,,,,,,
Q1867,,Sports/Games,,"Were there more or less than 15,000 dollars in the original Monopoly set?","More (15,140)",Not Found,Fresh,Not Found,Not Found,,,,,,,,,,,,,,,,,,,,,,
Q1868,,Sports/Games,0,Before and After: Being a secret observer leads into a well-known business newspaper.,Fly on the Wall Street Journal,Not Found,Fresh,Not Found,Not Found,,,,,,,,,,,,,,,,,,,,,,
Q1869,,Sports/Games,,Before and After: This puzzle links a what you strum on a bluegrass instrument with risque beachwear,Banjo String Bikini,Not Found,Fresh,Not Found,Not Found,,,,,,,,,,,,,,,,,,,,,,
Q1870,,Sports/Games,0,Before and After: A store return policy leads into what students dread at the end of a semester,All Sales Final Exams,Not Found,Fresh,Not Found,Not Found,,,,,,,,,,,,,,,,,,,,,,
Q1871,,Sports/Games,,What two word phrase is used to officially begin play in Baseball?,Play Ball,Not Found,Fresh,Not Found,Not Found,,,,,,,,,,,,,,,,,,,,,,
Q1872,,Sports/Games,0,What is the term for getting three strikes in a row in bowling?,Turkey,Not Found,Fresh,Not Found,Not Found,,,,,,,,,,,,,,,,,,,,,,
Q1873,,Sports/Games,,"In craps, what is the term for rolling a pair of ones?",snake eyes,Not Found,Fresh,Not Found,Not Found,,,,,,,,,,,,,,,,,,,,,,
Q1874,,Misc,0,Before and After: This one links a fast food giant to a retro wide-legged denim trend,TACO BELL-BOTTOM JEANS,Not Found,Fresh,Not Found,Not Found,,,,,,,,,,,,,,,,,,,,,,
Q1875,,Misc,,Before and After: A famous theme park leads into something beauty pageant contestants always wish for,WALT DISNEY WORLD PEACE,Not Found,Fresh,Not Found,Not Found,,,,,,,,,,,,,,,,,,,,,,
Q1876,,Misc,0,Before and After: This links a body part named after a biblical figure to an expression of deep fondness,ADAM'S APPLE OF MY EYE,Not Found,Fresh,Not Found,Not Found,,,,,,,,,,,,,,,,,,,,,,
Q1877,,STEM,,"Gunpowder is made from Sulfur, Charcoal, and WHAT?",Saltpeter (Potassium Nitrate),Not Found,Fresh,Not Found,Not Found,,,,,,,,,,,,,,,,,,,,,,
Q1878,,Sports/Games,0,"In Space Jam: A New Legacy, what athlete must face The Goon Squad after his son is stolen by a rogue AI?",LeBron James,Not Found,Fresh,Not Found,Not Found,,,,,,,,,,,,,,,,,,,,,,
Q1879,,Film/TV,,What is the name of the murderous computer in 2001: A Space Odyssey?,HAL 9000,Not Found,Fresh,Not Found,Not Found,,,,,,,,,,,,,,,,,,,,,,
Q1880,,Poorly Described Movie,0,"What 2013 film can be poorly described as ""George Clooney would rather float away in space & die than spend more time with a woman his own age""",Gravity,Not Found,Fresh,Not Found,Not Found,,,,,,,,,,,,,,,,,,,,,,
Q1881,,US,,Was the Space Needle in Seattle built before or after we landed on the moon?,Before (1962),Not Found,Fresh,Not Found,Not Found,,,,,,,,,,,,,,,,,,,,,,
Q1882,,US,0,Are more or fewer than 10 presidents buried in Virginia ,Fewer (7),Not Found,Fresh,Not Found,Not Found,,,,,,,,,,,,,,,,,,,,,,
Q1883,,Religion/Myth,,What is the term for the four books of the bible containing the story of Jesus?,The Gospels,Not Found,Fresh,Not Found,Not Found,,,,,,,,,,,,,,,,,,,,,,
Q1884,,Religion/Myth,0,What is the Hebrew term for the books of the bible about 'Law'?,Torah,Not Found,Fresh,Not Found,Not Found,,,,,,,,,,,,,,,,,,,,,,
Q1885,,Geography,,What is the term for the line of latitude at 23.5 degrees south?,Tropic of Capricorn,Not Found,Fresh,Not Found,Not Found,,,,,,,,,,,,,,,,,,,,,,
Q1886,,Food/Drink,0,"What oyster dish is made with butter, herbs, and breadcrumbs?",Oysters Rockefeller,Not Found,Fresh,Not Found,Not Found,,,,,,,,,,,,,,,,,,,,,,
Q1887,,Geography,,What is Canada's most populous territory?,Ontario,Not Found,Fresh,Not Found,Not Found,,,,,,,,,,,,,,,,,,,,,,
Q1888,,Geography,0,"Which countries capital is NOT their largest city: Canada, Japan, England, or Germany?",Canada,Not Found,Fresh,Not Found,Not Found,,,,,,,,,,,,,,,,,,,,,,
Q1889,,Geography,,What country is the historic city of Timbuktu located in?,Mali,Not Found,Fresh,Not Found,Not Found,,,,,,,,,,,,,,,,,,,,,,
Q1890,,Low Art,0,What book is 'Long John Silver' from?,Treasure Island,Not Found,Fresh,Not Found,Not Found,,,,,,,,,,,,,,,,,,,,,,
Q1891,,Biology/Zoology,,One of the most prized fish for sushi is the bluefin WHAT?,Tuna,Not Found,Fresh,Not Found,Not Found,,,,,,,,,,,,,,,,,,,,,,
Q1892,,Fashion,0,What eyewear company is named for two Jack Kerouac characters?,Warby Parker,Not Found,Fresh,Not Found,Not Found,,,,,,,,,,,,,,,,,,,,,,
Q1893,,STEM,,What is number 20 on the periodic table and essential for tooth growth?,Calcium,Not Found,Fresh,Not Found,Not Found,,,,,,,,,,,,,,,,,,,,,,
Q1894,,Fashion,0,"What shoe company founded in 1966 describes themselves as ""Off The Wall""?",Vans,Not Found,Fresh,Not Found,Not Found,,,,,,,,,,,,,,,,,,,,,,
Q1895,,Geography,,What is the tallest mountain in North America?,Denali,Not Found,Fresh,Not Found,Not Found,,,,,,,,,,,,,,,,,,,,,,
Q1896,,World,0,What empire did Alexander the Great lead?,Macedon/Macedonian,Not Found,Fresh,Not Found,Not Found,,,,,,,,,,,,,,,,,,,,,,
Q1897,,Food/Drink,,"Pumpkin Pie Spice often includes what ingredient alongside cinnamon, nutmeg, and ginger?",Clove,Not Found,Fresh,Not Found,Not Found,,,,,,,,,,,,,,,,,,,,,,
Q1898,,STEM,,What is the Hippocratic oath?,First do no harm,Not Found,Fresh,Not Found,Not Found,,,,,,,,,,,,,,,,,,,,,,
Q1899,,World,,What is the capital of Northern Ireland?,Belfast,Not Found,Fresh,Not Found,Not Found,,,,,,,,,,,,,,,,,,,,,,
Q1900,,Film/TV,,Doctor Sleep is the sequel to what iconic horror film/novel?,The Shining,Not Found,Fresh,Not Found,Not Found,,,,,,,,,,,,,,,,,,,,,,
Q1901,,US,,"What city is called ""The Birthplace of California"" since it was first settled by the Spanish in 1542?",San Diego,Not Found,Fresh,Not Found,Not Found,,,,,,,,,,,,,,,,,,,,,,
Q1902,,Economics,,What is the term for the total value of a country's market goods and services?,Gross Domestic Product,Not Found,Fresh,Not Found,Not Found,,,,,,,,,,,,,,,,,,,,,,
Q1903,,Economics,,What food item does The Economist magazine use to measure purchasing power between countries?,Big Mac,Not Found,Fresh,Not Found,Not Found,,,,,,,,,,,,,,,,,,,,,,
Q1904,,Economics,,What does S&P in S&P 500 stand for?,Standard and Poor,Not Found,Fresh,Not Found,Not Found,,,,,,,,,,,,,,,,,,,,,,
Q1905,,STEM,,Photovoltaic Cells are used in what product?,Solar Panels,Not Found,Fresh,Not Found,Not Found,,,,,,,,,,,,,,,,,,,,,,
Q1906,,STEM,,What is the study of organisms and how they relate to their environment?,Ecology,Not Found,Fresh,Not Found,Not Found,,,,,,,,,,,,,,,,,,,,,,
Q1907,,STEM,,The Sierra Club was founded in 1899 with what famous naturalist as their president?,John Muir,Not Found,Fresh,Not Found,Not Found,,,,,,,,,,,,,,,,,,,,,,
Q1908,,Economics,,What is the term for when a company buys another against the wishes of management?,Hostile Takeover,Not Found,Fresh,Not Found,Not Found,,,,,,,,,,,,,,,,,,,,,,
Q1909,,Biology/Zoology,,What is the steady internal environment that living creatures strive towards?,Homeostasis,Not Found,Fresh,Not Found,Not Found,,,,,,,,,,,,,,,,,,,,,,
Q1910,Open,Poorly Described Movie,4,What 2006 film can be poorly described as:  A star backetball player's casual New Year’s Eve duet causes months of unnecessary conflict.,High school musical,Not Found,Fresh,Not Found,Not Found,,,,,,,,,,,,,,,,,,,,,,
Q1910,,Economics,,"Which state produced the most coal last year, Pennsylvania, West Virginia, or Kentucky?",West Virginia,Not Found,Fresh,Not Found,Not Found,,,,,,,,,,,,,,,,,,,,,,
Q1911,Open,Religion/Myth,4,Which Greek Mytholgical creature exemplifies Hubris- drowning during his attempted exodus from Crete,Icharus,Not Found,Fresh,Not Found,Not Found,,,,,,,,,,,,,,,,,,,,,,
Q1911,,Economics,0,What is the term for superficial or insincere attempts to appear environmentally friendly?,Greenwashing,Not Found,Fresh,Not Found,Not Found,,,,,,,,,,,,,,,,,,,,,,
Q1912,,Food/Drink,0,"They Honey Deuce, the official drink of the ongoing us open is made of 3 ingredients, lemonade, grey goose vodka, and what 3rd ingredient?",Chambord,Not Found,Fresh,Not Found,Not Found,,,,,,,,,,,,,,,,,,,,,,
Q1913,,World,0,What country supplies the soldiers responsible for the Pope's personal security,Switzerland,Not Found,Fresh,Not Found,Not Found,,,,,,,,,,,,,,,,,,,,,,
Q1914,,Pop Culture,0,"On the Bravo show 'Vanderpump Rules, two cast members had an affair that became known as 'Scandoval,' give me anyone in this love triangle's name","Ariana Maddix, Tom Sandoval, Raquel Weiss",Not Found,Fresh,Not Found,Not Found,,,,,,,,,,,,,,,,,,,,,,
Q1915,,US,0,who was the first president born after american independence was issued?,Martin Van Buren,Not Found,9/8/26,Not Found,Not Found,,,,,,,,,,,,,,,,,,,,,,
Q1916,,Pop Culture,0,Which rock musician released the 1972 song “School’s Out”?,Alice Cooper,Not Found,9/8/26,Not Found,Not Found,,,,,,,,,,,,,,,,,,,,,,
Q1917,,Pop Culture,0,The Schoolhouse Rock! song “I’m Just a Bill” teaches viewers about the process of a bill becoming what?,A law,Not Found,9/8/26,Not Found,Not Found,,,,,,,,,,,,,,,,,,,,,,
Q1918,,Biology/Zoology,0,What organelle is often called the “powerhouse of the cell”?,Mitochondria,Not Found,9/8/26,Not Found,Not Found,,,,,,,,,,,,,,,,,,,,,,
Q1919,,Biology/Zoology,0,"What is the only mammal capable of true, sustained flight?",Bat,Not Found,9/8/26,Not Found,March 24 26,,,,,,,,,,,,,,,,,,,,,,
Q1920,,STEM,0,What is the sum of the interior angles of a triangle?,180 degrees,Not Found,9/8/26,Not Found,Not Found,,,,,,,,,,,,,,,,,,,,,,
Q1921,,World,0,What ancient civilization built Machu Picchu?,Inca,Not Found,9/8/26,Not Found,Not Found,,,9/8/26,,,,,,,,,,,,,,,,,,,
Q1922,,STEM,0,What is the longest side of a right triangle called?,Hypotenuse,Not Found,9/8/26,Not Found,Not Found,,,,,,,,,,,,,,,,,,,,,,
Q1923,,US,0,Which amendment to the U.S. Constitution abolished slavery?,13th Amendment,Not Found,9/8/26,Not Found,Not Found,,,,,,,,,,,,,,,,,,,,,,
Q1924,,STEM,0,What mathematical term describes the number that appears most frequently in a data set?,Mode,Not Found,9/8/26,Not Found,Not Found,,,,,,,,,,,,,,,,,,,,,,
Q1925,,World,0,What 1215 document limited the power of the English monarchy?,Magna Carta,Not Found,9/8/26,Not Found,Not Found,,,,,,,,,,,,,,,,,,,,,,
Q1926,,US,0,"Donald Trump is the second president to serve two non consecutive terms, who was the first?",Grover Cleveland,Not Found,9/8/26,Not Found,Not Found,,,,,,,,,,,,,,,,,,,,,,
Q1927,,High Art,0,"In traditional art education, what three colors are considered the three primary colors?","Red, Yellow, Blue",Not Found,9/8/26,Not Found,Not Found,,,,,,,,,,,,,,,,,,,,,,
Q1928,,Geography,0,What imaginary line sits at approximately 0 degrees longitude?,Prime Meridian,Not Found,9/8/26,Not Found,Not Found,,,,,,,,,,,,,,,,,,,,,,
Q1929,,Geography,0,What U.S. State has the shortest distance to Africa?,"Maine (3,154)",Not Found,9/8/26,Not Found,Not Found,,,,,,,,,,,,,,,,,,,,,,
Q1930,,Geography,0,Which continent lies in all four hemispheres?,Africa,Not Found,9/8/26,Not Found,Not Found,,,,,,,,,,,,,,,,,,,,,,
Q1931,,Geography,0,Which Great Lake is entirely within the United States?,Lake Michigan,Not Found,9/8/26,Not Found,Not Found,,,,,,,,,,,,,,,,,,,,,,
Q1932,,Linguistics,0,"What literary term describes a word that imitates a sound, such as “buzz” or “hiss”?",Onomatopoeia,Not Found,9/8/26,Not Found,Not Found,,,,,,,,,,,,,,,,,,,,,,
Q1933,,Linguistics,0,What punctuation mark can be used to join two closely related independent clauses without a conjunction?,Semicolon,Not Found,9/8/26,Not Found,Not Found,,,,,,,,,,,,,,,,,,,,,,
Q1934,,High Art,0,"In The Great Gatsby, what is Gatsby’s first name?",Jay,Not Found,9/8/26,Not Found,Not Found,,,,,,,,,,,,,,,,,,,,,,
Q1935,,High Art,0,What Shakespeare play features the characters Rosencrantz and Guildenstern?,Hamlet,Not Found,9/8/26,Not Found,Not Found,,,,,,,,,,,,,,,,,,,,,,
Q1936,,Music,0,What musical symbol raises a note by one half step?,Sharp,Not Found,9/8/26,Not Found,Not Found,,,,,,,,,,,,,,,,,,,,,,
Q1937,,Misc,0,What system used in libraries organizes nonfiction books into numbered categories?,Dewey Decimal System,Not Found,9/8/26,Not Found,Not Found,,,,,,,,,,,,,,,,,,,,,,
Q1938,,Linguistics,0,What Latin phrase meaning “nourishing mother” is commonly used to refer to the school or university someone attended?,Alma mater,Not Found,9/8/26,Not Found,Not Found,,,,,,,,,,,,,,,,,,,,,,
Q1939,,Misc,0,What is the title that goes to the The student who holds the second-highest cumulative grade point average in a class year?,Salutatorian,Not Found,9/8/26,Not Found,Not Found,,,,,,,,,,,,,,,,,,,,,,
Q1940,,Film/TV,0,Jack Black’s character in School of Rock poses as a substitute teacher under what  name?,Ned Schneebly,Not Found,9/8/26,Not Found,Not Found,,,,,,,,,,,,,,,,,,,,,,
Q1941,,Film/TV,0,"In the original Magin school bus series, how many named students are in Mrs. Frizzle's class? a. 6, b. 8, or c. 11","b, 8",Not Found,Fresh,Not Found,Not Found,,,,,,,,,,,,,,,,,,,,,,
Q1942,,Film/TV,0,"In Ferris Bueller’s Day Off, Ferris and his friends skip school and steal cameron's dad's car. What Make is the car the steal",Ferrari,Not Found,Fresh,Not Found,Not Found,,,,,,,,,,,,,,,,,,,,,,
Q1943,,Film/TV,0,What high school did teenage stoner Spicoli spend his “fast times” at?,Ridgemont High School,Not Found,Fresh,Not Found,Not Found,,,,,,,,,,,,,,,,,,,,,,
Q1944,,Misc,0,"Prince William, George Orwell, and 20 British prime ministers all attended what famous English boarding school, now also attended by Prince George?",Eton,Not Found,Fresh,Not Found,Not Found,,,,,,,,,,,,,,,,,,,,,,
Q1945,,,0,,,Not Found,Fresh,Not Found,Not Found,,,,,,,,,,,,,,,,,,,,,,
Q1946,,,0,,,Not Found,Fresh,Not Found,Not Found,,,,,,,,,,,,,,,,,,,,,,
Q1947,,,0,,,Not Found,Fresh,Not Found,Not Found,,,,,,,,,,,,,,,,,,,,,,
Q1948,,,0,,,Not Found,Fresh,Not Found,Not Found,,,,,,,,,,,,,,,,,,,,,,
Q1949,,,0,,,Not Found,Fresh,Not Found,Not Found,,,,,,,,,,,,,,,,,,,,,,
Q1950,,,0,,,Not Found,Fresh,Not Found,Not Found,,,,,,,,,,,,,,,,,,,,,,
Q1951,,,0,,,Not Found,Fresh,Not Found,Not Found,,,,,,,,,,,,,,,,,,,,,,
Q1952,,,0,,,Not Found,Fresh,Not Found,Not Found,,,,,,,,,,,,,,,,,,,,,,
Q1953,,,0,,,Not Found,Fresh,Not Found,Not Found,,,,,,,,,,,,,,,,,,,,,,
Q1954,,,0,,,Not Found,Fresh,Not Found,Not Found,,,,,,,,,,,,,,,,,,,,,,
Q1955,,,0,,,Not Found,Fresh,Not Found,Not Found,,,,,,,,,,,,,,,,,,,,,,
Q1956,,,0,,,Not Found,Fresh,Not Found,Not Found,,,,,,,,,,,,,,,,,,,,,,
Q1957,,,0,,,Not Found,Fresh,Not Found,Not Found,,,,,,,,,,,,,,,,,,,,,,
Q1958,,,0,,,Not Found,Fresh,Not Found,Not Found,,,,,,,,,,,,,,,,,,,,,,
Q1959,,,0,,,Not Found,Fresh,Not Found,Not Found,,,,,,,,,,,,,,,,,,,,,,
Q1960,,,0,,,Not Found,Fresh,Not Found,Not Found,,,,,,,,,,,,,,,,,,,,,,
Q1961,,,0,,,Not Found,Fresh,Not Found,Not Found,,,,,,,,,,,,,,,,,,,,,,
Q1962,,,0,,,Not Found,Fresh,Not Found,Not Found,,,,,,,,,,,,,,,,,,,,,,
Q1963,,,0,,,Not Found,Fresh,Not Found,Not Found,,,,,,,,,,,,,,,,,,,,,,
Q1964,,,0,,,Not Found,Fresh,Not Found,Not Found,,,,,,,,,,,,,,,,,,,,,,
Q1965,,,0,,,Not Found,Fresh,Not Found,Not Found,,,,,,,,,,,,,,,,,,,,,,
Q1966,,,0,,,Not Found,Fresh,Not Found,Not Found,,,,,,,,,,,,,,,,,,,,,,
Q1967,,,0,,,Not Found,Fresh,Not Found,Not Found,,,,,,,,,,,,,,,,,,,,,,
Q1968,,,0,,,Not Found,Fresh,Not Found,Not Found,,,,,,,,,,,,,,,,,,,,,,
Q1969,,,0,,,Not Found,Fresh,Not Found,Not Found,,,,,,,,,,,,,,,,,,,,,,
Q1970,,,0,,,Not Found,Fresh,Not Found,Not Found,,,,,,,,,,,,,,,,,,,,,,
Q1971,,,0,,,Not Found,Fresh,Not Found,Not Found,,,,,,,,,,,,,,,,,,,,,,
Q1972,,,0,,,Not Found,Fresh,Not Found,Not Found,,,,,,,,,,,,,,,,,,,,,,
Q1973,,,0,,,Not Found,Fresh,Not Found,Not Found,,,,,,,,,,,,,,,,,,,,,,
Q1974,,,0,,,Not Found,Fresh,Not Found,Not Found,,,,,,,,,,,,,,,,,,,,,,
Q1975,,,0,,,Not Found,Fresh,Not Found,Not Found,,,,,,,,,,,,,,,,,,,,,,
Q1976,,,0,,,Not Found,Fresh,Not Found,Not Found,,,,,,,,,,,,,,,,,,,,,,
Q1977,,,0,,,Not Found,Fresh,Not Found,Not Found,,,,,,,,,,,,,,,,,,,,,,
Q1978,,,0,,,Not Found,Fresh,Not Found,Not Found,,,,,,,,,,,,,,,,,,,,,,
Q1979,,,0,,,Not Found,Fresh,Not Found,Not Found,,,,,,,,,,,,,,,,,,,,,,
Q1980,,,0,,,Not Found,Fresh,Not Found,Not Found,,,,,,,,,,,,,,,,,,,,,,
Q1981,,,0,,,Not Found,Fresh,Not Found,Not Found,,,,,,,,,,,,,,,,,,,,,,
Q1982,,,0,,,Not Found,Fresh,Not Found,Not Found,,,,,,,,,,,,,,,,,,,,,,
Q1983,,,0,,,Not Found,Fresh,Not Found,Not Found,,,,,,,,,,,,,,,,,,,,,,
Q1984,,,0,,,Not Found,Fresh,Not Found,Not Found,,,,,,,,,,,,,,,,,,,,,,
Q1985,,,0,,,Not Found,Fresh,Not Found,Not Found,,,,,,,,,,,,,,,,,,,,,,
Q1986,,,0,,,Not Found,Fresh,Not Found,Not Found,,,,,,,,,,,,,,,,,,,,,,
Q1987,,,0,,,Not Found,Fresh,Not Found,Not Found,,,,,,,,,,,,,,,,,,,,,,
Q1988,,,0,,,Not Found,Fresh,Not Found,Not Found,,,,,,,,,,,,,,,,,,,,,,
Q1989,,,0,,,Not Found,Fresh,Not Found,Not Found,,,,,,,,,,,,,,,,,,,,,,
Q1990,,,0,,,Not Found,Fresh,Not Found,Not Found,,,,,,,,,,,,,,,,,,,,,,
Q1991,,,0,,,Not Found,Fresh,Not Found,Not Found,,,,,,,,,,,,,,,,,,,,,,
Q1992,,,0,,,Not Found,Fresh,Not Found,Not Found,,,,,,,,,,,,,,,,,,,,,,
Q1993,,,0,,,Not Found,Fresh,Not Found,Not Found,,,,,,,,,,,,,,,,,,,,,,
Q1994,,,0,,,Not Found,Fresh,Not Found,Not Found,,,,,,,,,,,,,,,,,,,,,,
Q1995,,,0,,,Not Found,Fresh,Not Found,Not Found,,,,,,,,,,,,,,,,,,,,,,
Q1996,,,0,,,Not Found,Fresh,Not Found,Not Found,,,,,,,,,,,,,,,,,,,,,,
Q1997,,,0,,,Not Found,Fresh,Not Found,Not Found,,,,,,,,,,,,,,,,,,,,,,
Q1998,,,0,,,Not Found,Fresh,Not Found,Not Found,,,,,,,,,,,,,,,,,,,,,,
Q1999,,,0,,,Not Found,Fresh,Not Found,Not Found,,,,,,,,,,,,,,,,,,,,,,
Q2000,,,0,,,Not Found,Fresh,Not Found,Not Found,,,,,,,,,,,,,,,,,,,,,,
Q2001,,,0,,,Not Found,Fresh,Not Found,Not Found,,,,,,,,,,,,,,,,,,,,,,
Q2002,,,0,,,Not Found,Fresh,Not Found,Not Found,,,,,,,,,,,,,,,,,,,,,,
Q2003,,,0,,,Not Found,Fresh,Not Found,Not Found,,,,,,,,,,,,,,,,,,,,,,
Q2004,,,0,,,Not Found,Fresh,Not Found,Not Found,,,,,,,,,,,,,,,,,,,,,,
Q2005,,,0,,,Not Found,Fresh,Not Found,Not Found,,,,,,,,,,,,,,,,,,,,,,
Q2006,,,0,,,Not Found,Fresh,Not Found,Not Found,,,,,,,,,,,,,,,,,,,,,,
Q2007,,,0,,,Not Found,Fresh,Not Found,Not Found,,,,,,,,,,,,,,,,,,,,,,
Q2008,,,0,,,Not Found,Fresh,Not Found,Not Found,,,,,,,,,,,,,,,,,,,,,,
Q2009,,,0,,,Not Found,Fresh,Not Found,Not Found,,,,,,,,,,,,,,,,,,,,,,
Q2010,,,0,,,Not Found,Fresh,Not Found,Not Found,,,,,,,,,,,,,,,,,,,,,,
Q2011,,,0,,,Not Found,Fresh,Not Found,Not Found,,,,,,,,,,,,,,,,,,,,,,
Q2012,,,0,,,Not Found,Fresh,Not Found,Not Found,,,,,,,,,,,,,,,,,,,,,,
Q2013,,,0,,,Not Found,Fresh,Not Found,Not Found,,,,,,,,,,,,,,,,,,,,,,
Q2014,,,0,,,Not Found,Fresh,Not Found,Not Found,,,,,,,,,,,,,,,,,,,,,,
Q2015,,,0,,,Not Found,Fresh,Not Found,Not Found,,,,,,,,,,,,,,,,,,,,,,
Q2016,,,0,,,Not Found,Fresh,Not Found,Not Found,,,,,,,,,,,,,,,,,,,,,,
Q2017,,,0,,,Not Found,Fresh,Not Found,Not Found,,,,,,,,,,,,,,,,,,,,,,
Q2018,,,0,,,Not Found,Fresh,Not Found,Not Found,,,,,,,,,,,,,,,,,,,,,,
Q2019,,,0,,,Not Found,Fresh,Not Found,Not Found,,,,,,,,,,,,,,,,,,,,,,
Q2020,,,0,,,Not Found,Fresh,Not Found,Not Found,,,,,,,,,,,,,,,,,,,,,,
Q2021,,,0,,,Not Found,Fresh,Not Found,Not Found,,,,,,,,,,,,,,,,,,,,,,
Q2022,,,0,,,Not Found,Fresh,Not Found,Not Found,,,,,,,,,,,,,,,,,,,,,,
Q2023,,,0,,,Not Found,Fresh,Not Found,Not Found,,,,,,,,,,,,,,,,,,,,,,
,Open,STEM,0,The first computer (ENIAC) was developed at what university?,Unviersity of Pennsylvania,Not Found,Fresh,Not Found,Not Found,,,,,,,,,,,,,,,,,,,,,,
,,,0,,,,,,,,,,,,,,,,,,,,,,,,,,,,
,,,,,,,,,,,,,,,,,,,,,,,,,,,,,,,
,,,,,,,,,,,,,,,,,,,,,,,,,,,,,,,
,,,,,,,,,,,,,,,,,,,,,,,,,,,,,,,
,,,,,,,,,,,,,,,,,,,,,,,,,,,,,,,
,,,,,,,,,,,,,,,,,,,,,,,,,,,,,,,
,,,,,,,,,,,,,,,,,,,,,,,,,,,,,,,
,,,,,,,,,,,,,,,,,,,,,,,,,,,,,,,
,,,,,,,,,,,,,,,,,,,,,,,,,,,,,,,
,,,,,,,,,,,,,,,,,,,,,,,,,,,,,,,
,,,,,,,,,,,,,,,,,,,,,,,,,,,,,,,
,,,,,,,,,,,,,,,,,,,,,,,,,,,,,,,
,,,,,,,,,,,,,,,,,,,,,,,,,,,,,,,
,,,,,,,,,,,,,,,,,,,,,,,,,,,,,,,
,,,,,,,,,,,,,,,,,,,,,,,,,,,,,,,
,,,,,,,,,,,,,,,,,,,,,,,,,,,,,,,
,,,,,,,,,,,,,,,,,,,,,,,,,,,,,,,
,,,,,,,,,,,,,,,,,,,,,,,,,,,,,,,
,,,,,,,,,,,,,,,,,,,,,,,,,,,,,,,
,,,,,,,,,,,,,,,,,,,,,,,,,,,,,,,
,,,,,,,,,,,,,,,,,,,,,,,,,,,,,,,
,,,,,,,,,,,,,,,,,,,,,,,,,,,,,,,
,,,,,,,,,,,,,,,,,,,,,,,,,,,,,,,
,,,,,,,,,,,,,,,,,,,,,,,,,,,,,,,
,,,,,,,,,,,,,,,,,,,,,,,,,,,,,,,
,,,,,,,,,,,,,,,,,,,,,,,,,,,,,,,
,,,,,,,,,,,,,,,,,,,,,,,,,,,,,,,
,,,,,,,,,,,,,,,,,,,,,,,,,,,,,,,
,,,,,,,,,,,,,,,,,,,,,,,,,,,,,,,
,,,,,,,,,,,,,,,,,,,,,,,,,,,,,,,
,,,,,,,,,,,,,,,,,,,,,,,,,,,,,,,
,,,,,,,,,,,,,,,,,,,,,,,,,,,,,,,
,,,,,,,,,,,,,,,,,,,,,,,,,,,,,,,
,,,,,,,,,,,,,,,,,,,,,,,,,,,,,,,
,,,,,,,,,,,,,,,,,,,,,,,,,,,,,,,
,,,,,,,,,,,,,,,,,,,,,,,,,,,,,,,
,,,,,,,,,,,,,,,,,,,,,,,,,,,,,,,
,,,,,,,,,,,,,,,,,,,,,,,,,,,,,,,
,,,,,,,,,,,,,,,,,,,,,,,,,,,,,,,
,,,,,,,,,,,,,,,,,,,,,,,,,,,,,,,
,,,,,,,,,,,,,,,,,,,,,,,,,,,,,,,
,,,,,,,,,,,,,,,,,,,,,,,,,,,,,,,
,,,,,,,,,,,,,,,,,,,,,,,,,,,,,,,
,,,,,,,,,,,,,,,,,,,,,,,,,,,,,,,
,,,,,,,,,,,,,,,,,,,,,,,,,,,,,,,
,,,,,,,,,,,,,,,,,,,,,,,,,,,,,,,
,,,,,,,,,,,,,,,,,,,,,,,,,,,,,,,
,,,,,,,,,,,,,,,,,,,,,,,,,,,,,,,
,,,,,,,,,,,,,,,,,,,,,,,,,,,,,,,
,,,,,,,,,,,,,,,,,,,,,,,,,,,,,,,
,,,,,,,,,,,,,,,,,,,,,,,,,,,,,,,
,,,,,,,,,,,,,,,,,,,,,,,,,,,,,,,
,,,,,,,,,,,,,,,,,,,,,,,,,,,,,,,
,,,,,,,,,,,,,,,,,,,,,,,,,,,,,,,
,,,,,,,,,,,,,,,,,,,,,,,,,,,,,,,
,,,,,,,,,,,,,,,,,,,,,,,,,,,,,,,
,,,,,,,,,,,,,,,,,,,,,,,,,,,,,,,
,,,,,,,,,,,,,,,,,,,,,,,,,,,,,,,
,,,,,,,,,,,,,,,,,,,,,,,,,,,,,,,
,,,,,,,,,,,,,,,,,,,,,,,,,,,,,,,
,,,,,,,,,,,,,,,,,,,,,,,,,,,,,,,
,,,,,,,,,,,,,,,,,,,,,,,,,,,,,,,
,,,,,,,,,,,,,,,,,,,,,,,,,,,,,,,
,,,,,,,,,,,,,,,,,,,,,,,,,,,,,,,
,,,,,,,,,,,,,,,,,,,,,,,,,,,,,,,
,,,,,,,,,,,,,,,,,,,,,,,,,,,,,,,
,,,,,,,,,,,,,,,,,,,,,,,,,,,,,,,
,,,,,,,,,,,,,,,,,,,,,,,,,,,,,,,
,,,,,,,,,,,,,,,,,,,,,,,,,,,,,,,
,,,,,,,,,,,,,,,,,,,,,,,,,,,,,,,
,,,,,,,,,,,,,,,,,,,,,,,,,,,,,,,
,,Film/TV,,Name The Guitar Like Instrument With A Circular Belly Of Streched Parchment,The Banjo,,,,,,,,,,,,,,,,,,,,,,,,,,
,,Film/TV,,There are 625 sweat glands in one square inch of human ______,Skin,,,,,,,,,,,,,,,,,,,,,,,,,,
,,Film/TV,,,,,,,,,,,,,,,,,,,,,,,,,,,,,
,,Film/TV,,Bacardi and Carioca rums come from what country,Costa Rico,,,,,,,,,,,,,,,,,,,,,,,,,,
,,Film/TV,,Who Won The 2007 US Super Bowl? ,Indianapolis Colts ,,,,,,,,,,,,,,,,,,,,,,,,,,
,,Film/TV,,What shape is canestrelli pasta,Little Baskets,,,,,,,,,,,,,,,,,,,,,,,,,,
,,Film/TV,,"Who Saw ""Life Thru A Lens"" On His 1998 Album",Robbie Williams,,,,,,,,,,,,,,,,,,,,,,,,,,
,,Film/TV,,Where were the 1980 Olympics held ?,"Moscow, U.S.S.R.",,,,,,,,,,,,,,,,,,,,,,,,,,
,,Film/TV,,In which year will London host the Olympic Games ,2012 ,,,,,,,,,,,,,,,,,,,,,,,,,,
,,Film/TV,,"Who wrote the first song ""Come On"" Rolling Stones recorded 63",Chuck Berry,,,,,,,,,,,,,,,,,,,,,,,,,,
,,Film/TV,,Which astronomer discovered the planet Uranus in 1781,William herschel,,,,,,,,,,,,,,,,,,,,,,,,,,
,,Film/TV,,Hank Ballard and the Midnights first released what in 1960,The Twist,,,,,,,,,,,,,,,,,,,,,,,,,,
,,Film/TV,,Ixchel is the mayan patroness of ______,Pregnant women,,,,,,,,,,,,,,,,,,,,,,,,,,
,,Film/TV,,What Band Didn't Want To Miss A Thing In 1998?,Aerosmith,,,,,,,,,,,,,,,,,,,,,,,,,,
,,Film/TV,,"Ollies Gang Made Me Go To A Flower Show In London, Who Am I",Elvis Costello,,,,,,,,,,,,,,,,,,,,,,,,,,
,,Film/TV,,"What Nationality Was Saint Valentine, The Patron Saint of Lovers ",Italian ,,,,,,,,,,,,,,,,,,,,,,,,,,
,,Film/TV,,Who owns: folger coffee,Procter and gamble,,,,,,,,,,,,,,,,,,,,,,,,,,
,,Film/TV,,Who was the first chief justice of the us supreme court,John jay,,,,,,,,,,,,,,,,,,,,,,,,,,
,,Film/TV,,"Who was the actress that made waves in 1984's ""Splash""?",Darryl Hannah,,,,,,,,,,,,,,,,,,,,,,,,,,
,,Film/TV,,Brian Jones Came From Which Gloustershire Town,Cheltenham,,,,,,,,,,,,,,,,,,,,,,,,,,
,,Film/TV,,What are a tiger's paw prints,Pug marks,,,,,,,,,,,,,,,,,,,,,,,,,,
,,Film/TV,,"Which football team has been nicknamed the ""Orange Crush""",Denver broncos,,,,,,,,,,,,,,,,,,,,,,,,,,
,,Film/TV,,Which book was first published in Edinburgh in 1768 and subsequently moved its home to Chicago?,Encyclopedia Britannica,,,,,,,,,,,,,,,,,,,,,,,,,,
,,Film/TV,,Of gibraltar In this team sport each player gets a chance to play every position,Volleyball,,,,,,,,,,,,,,,,,,,,,,,,,,
,,Film/TV,,The Mask In The Film Scream Became A Popular Costume What Famous Painting By Edward Munich Was It Based On,The Scream ,,,,,,,,,,,,,,,,,,,,,,,,,,
,,Film/TV,,To Which Country do The Balearic Islands Belong? ,Spain ,,,,,,,,,,,,,,,,,,,,,,,,,,
,,Film/TV,,In what city is the worlds largest carpet manufacturer,Kashmir,,,,,,,,,,,,,,,,,,,,,,,,,,
,,Film/TV,,What was the original meaning of the word harlot,Tramp,,,,,,,,,,,,,,,,,,,,,,,,,,
,,Film/TV,,"Which comic strip was banned from ""Stars and Stripes""",Beetle bailey,,,,,,,,,,,,,,,,,,,,,,,,,,
,,Film/TV,,Which Single Was Recorded EMI's Studios In Paris In 1964,Can't Buy Me Love,,,,,,,,,,,,,,,,,,,,,,,,,,
,,Film/TV,,Panophobia is the fear of,Everything,,,,,,,,,,,,,,,,,,,,,,,,,,
,,Film/TV,,Calico cloth was invented in which country,India,,,,,,,,,,,,,,,,,,,,,,,,,,
,,Film/TV,,The world's longest natural gas pipeline is in what country,Canada,,,,,,,,,,,,,,,,,,,,,,,,,,
,,Film/TV,,Bubba is Yiddish for what,Grandma,,,,,,,,,,,,,,,,,,,,,,,,,,
,,Film/TV,,"Who Won The 1995 Mercury Music Prize For The Album ""Dummy""",Portishead,,,,,,,,,,,,,,,,,,,,,,,,,,
,,Film/TV,,What is Pennsylvania's official drink,Milk,,,,,,,,,,,,,,,,,,,,,,,,,,
,,Film/TV,,What is 'perestroika' in english,Restructuring,,,,,,,,,,,,,,,,,,,,,,,,,,
,,Film/TV,,What is the capital of Russia,Moscow,,,,,,,,,,,,,,,,,,,,,,,,,,
,,Film/TV,,51 what were destroyed by the Great fire of London,Churches,,,,,,,,,,,,,,,,,,,,,,,,,,
,,Film/TV,General,What paris restaurant is at 3 rue royal,Maxim's,,,,,,,,,,,,,,,,,,,,,,,,,,
,,Film/TV,General,Collective nouns - A Desert of what,Lapwings,,,,,,,,,,,,,,,,,,,,,,,,,,
,,Film/TV,Sports & Leisure,Basketball: The Boston ___________.,Celtics,,,,,,,,,,,,,,,,,,,,,,,,,,
,,Film/TV,General,What is the character of French wine described as 'mousseaux',Sparkling,,,,,,,,,,,,,,,,,,,,,,,,,,
,,Film/TV,General,Who has been serving apple pie for more than 100 years,Yale college,,,,,,,,,,,,,,,,,,,,,,,,,,
,,Film/TV,General,Which group had a hit with Mr Tambourine Man,The Byrds,,,,,,,,,,,,,,,,,,,,,,,,,,
,,Film/TV,General,Who composed Clair de Lune,Debussy,,,,,,,,,,,,,,,,,,,,,,,,,,
,,Film/TV,General,Which city was the location for the 1994 Winter Olympics,"Lillehammer, norway",,,,,,,,,,,,,,,,,,,,,,,,,,
,,Film/TV,Toys & Games,Whist is an early form of this card game.,Bridge,,,,,,,,,,,,,,,,,,,,,,,,,,
,,Film/TV,General,What is Radio Shack's main brand name,Realistic,,,,,,,,,,,,,,,,,,,,,,,,,,
,,Film/TV,General,What country issued a banana shaped stamp,Tonga,,,,,,,,,,,,,,,,,,,,,,,,,,
,,Film/TV,General,Which German city was the setting of Auf Wierdersehn Pet,Dusseldorf,,,,,,,,,,,,,,,,,,,,,,,,,,
,,Film/TV,Entertainment,What instrument are you playing when you perform a rim shot?,Drums,,,,,,,,,,,,,,,,,,,,,,,,,,
,,Film/TV,General,"Who was ""The father of magazine science fiction""",Hugo Gernsback,,,,,,,,,,,,,,,,,,,,,,,,,,
,,Film/TV,Science & Nature,What Figure Has Four Sides All The Same Length But No Right Angles ,A Rhombus ,,,,,,,,,,,,,,,,,,,,,,,,,,
,,Film/TV,General,Kiss on My List' was which duo's second number one hit,Hall and Oates,,,,,,,,,,,,,,,,,,,,,,,,,,
,,Film/TV,General,Capital cities: Australia,Canberra,,,,,,,,,,,,,,,,,,,,,,,,,,
,,Film/TV,General,Famous Flames Music: What 1958 song was The Coaster's only #1 hit,Yakkety Yak,,,,,,,,,,,,,,,,,,,,,,,,,,
,,Film/TV,Geography,What is the highest point in South America?,Aconcagua,,,,,,,,,,,,,,,,,,,,,,,,,,
,,Film/TV,Geography,In which state is Tupelo?,Mississippi,,,,,,,,,,,,,,,,,,,,,,,,,,
,,Film/TV,General,"On irc, what does a/s/l mean?",Age/sex/location,,,,,,,,,,,,,,,,,,,,,,,,,,
,,Film/TV,General,"Fescue, Foxtail, Ruppia and Quitch are types of what",Grass,,,,,,,,,,,,,,,,,,,,,,,,,,
,,Film/TV,General,,,,,,,,,,,,,,,,,,,,,,,,,,,,
,,Film/TV,General,How many children did adam and eve parent together,Three,,,,,,,,,,,,,,,,,,,,,,,,,,